IdSensore;NomeTipoSensore;UnitaMisura;Idstazione;NomeStazione;Quota;DataStart;lat;lng
10431;Ossidi di Azoto;æg/mü;1264;Sondrio v.Paribelli;290;11/11/2008;46167852440665100,00;9879209924469900,00
9968;Ossidi di Azoto;æg/mü;679;Valmadrera v.Pozzi;247;16/02/2006;45842207261022500,00;9351658166127960,00
20197;PM10 (SM2005);æg/mü;598;San Rocco al Porto v.Matteotti;50;01/01/2002;45081986696978600,00;970078817718398,00
5611;Biossido di Azoto;æg/mü;608;Codogno v.Trento;59;13/01/2000;4515937280234110,00;969814824935254,00
10347;Particelle sospese PM2.5;æg/mü;670;Mantova S.Agnese;22;21/12/2007;4516056833010580,00;1079556411370790,00
5749;Ozono;æg/mü;554;Saronno v.Santuario;212;09/05/1991;45627357052738900,00;9026401379770970,00
10197;Particelle sospese PM2.5;æg/mü;697;Borgofranco sul Po loc. Bonizzo;14;01/12/2006;4504650153816730,00;1118093581912750,00
6915;PM10 (SM2005);æg/mü;554;Saronno v.Santuario;212;16/12/2003;45627357052738900,00;9026401379770970,00
6398;Ossidi di Azoto;æg/mü;554;Saronno v.Santuario;212;28/03/1997;45627357052738900,00;9026401379770970,00
20465;BlackCarbon;æg/mü;548;Milano v.Senato;118;;45470499014097,00;9197460360112530,00
9873;Particelle sospese PM2.5;æg/mü;554;Saronno v.Santuario;212;11/12/2005;45627357052738900,00;9026401379770970,00
5664;Biossido di Zolfo;æg/mü;612;Filago v.Fermi;176;17/07/1992;456244564811923,00;9556504350318220,00
5557;Biossido di Azoto;æg/mü;554;Saronno v.Santuario;212;28/03/1997;45627357052738900,00;9026401379770970,00
20429;PM10 (SM2005);æg/mü;501;Milano v.Marche;129;01/01/2018;4549631644365100,00;9190933555313620,00
20529;Particelle sospese PM2.5;æg/mü;501;Milano v.Marche;129;01/01/2022;4549631644365100,00;9190933555313620,00
12531;PM10 (SM2005);æg/mü;1297;Spinadesco v.Battisti;48;16/02/2011;45150468869856800,00;9930596472272330,00
5665;Biossido di Zolfo;æg/mü;595;Filago v.Don Milani;190;07/12/1991;4563386450908070,00;9556084255790860,00
17122;Particelle sospese PM2.5;æg/mü;548;Milano v.Senato;118;04/09/2012;45470499014097,00;9197460360112530,00
20004;BlackCarbon;æg/mü;705;Milano Pascal Citt… Studi;122;30/09/2013;4547899606168740,00;9235491038497500,00
9993;Biossido di Azoto;æg/mü;682;Ferrera Erbognone ENI;88;21/01/2006;4511350314482960,00;8874064848882610,00
9797;Benzene;æg/mü;670;Mantova S.Agnese;22;30/09/2005;4516056833010580,00;1079556411370790,00
5738;Ozono;æg/mü;607;Abbadia Cerreto v. Fanfulla;64;10/04/2001;45309502269282300,00;9585790416120410,00
20497;Benzene;æg/mü;1801;Brescia v.Tartaglia;151;;45542647891822800,00;10211205215118300,00
5575;Biossido di Azoto;æg/mü;572;Morbegno v.Cortivacci;262;13/01/1999;46132282960003700,00;9566179893984470,00
6274;Ossidi di Azoto;æg/mü;598;San Rocco al Porto v.Matteotti;50;24/01/2002;45081986696978600,00;970078817718398,00
20104;Particelle sospese PM2.5;æg/mü;592;Treviglio p.zza Insurrezione;191;01/03/2015;4551933498138720,00;9592009994888420,00
5812;Monossido di Carbonio;mg/mü;606;San Giuliano Milanese via Milano;97;13/01/2000;4539619462552720,00;9282700075557840,00
5834;Monossido di Carbonio;mg/mü;548;Milano v.Senato;118;01/05/1995;45470499014097,00;9197460360112530,00
10288;Ozono;æg/mü;706;Lecco v.Sora;272;28/06/2007;4586374884127960,00;9399950344681850,00
6356;Ossidi di Azoto;æg/mü;504;Sesto San Giovanni v. Cesare da Sesto;139;18/12/1980;4553476576509220,00;9236107923411640,00
5595;Biossido di Azoto;æg/mü;592;Treviglio p.zza Insurrezione;191;02/06/1991;4551933498138720,00;9592009994888420,00
5809;Monossido di Carbonio;mg/mü;600;Lodi v.Vignati;80;30/12/1999;4530601298752380,00;948526286320174,00
5555;Biossido di Azoto;æg/mü;552;Varese v.Vidoletti;425;24/12/1991;4583690077655550,00;880392612667495,00
10001;Ossidi di Azoto;æg/mü;683;Cassano d'Adda 2-v.Milano;133;17/02/2006;4552647254585100,00;9515980483627100,00
9859;Monossido di Carbonio;mg/mü;673;Voghera v.Pozzoni;90;05/07/2005;4499954598914030,00;9008437381815690,00
5853;Monossido di Carbonio;mg/mü;560;Varese v.Copelli;383;07/08/2003;45816973233263700,00;8820240707158210,00
6953;PM10 (SM2005);æg/mü;659;Odolo v.Praes;349;23/06/2000;4564604963372520,00;1038929530279200,00
6270;Ossidi di Azoto;æg/mü;602;Melegnano v.Predabissi;83;13/01/2000;4535428575071000,00;9329243424113710,00
10548;PM10 (SM2005);æg/mü;1269;Dalmine v.Verdi;207;26/02/2010;4564970251236250,00;9601223338785260,00
5835;Monossido di Carbonio;mg/mü;504;Sesto San Giovanni v. Cesare da Sesto;139;29/04/1990;4553476576509220,00;9236107923411640,00
5549;Biossido di Azoto;æg/mü;546;Magenta v. F. Turati;137;22/04/1995;45462415791106600,00;8880210433125570,00
5718;Ozono;æg/mü;546;Magenta v. F. Turati;137;29/07/1995;45462415791106600,00;8880210433125570,00
10078;Ossidi di Azoto;æg/mü;695;Ponti sul Mincio v.San Martino;113;20/12/2006;4541277169168630,00;10683357343786800,00
5825;Monossido di Carbonio;mg/mü;531;Pioltello Limito;114;11/11/1994;4548363035323250,00;9327360033215140,00
6264;Ossidi di Azoto;æg/mü;608;Codogno v.Trento;59;13/01/2000;4515937280234110,00;969814824935254,00
10511;Monossido di Carbonio;mg/mü;1269;Dalmine v.Verdi;207;12/02/2010;4564970251236250,00;9601223338785260,00
9896;Ossidi di Azoto;æg/mü;609;Casirate d'Adda v. Cimitero;108;10/11/2005;4549822713394490,00;9556232262351760,00
12570;Particelle sospese PM2.5;æg/mü;561;Como v.Cattaneo;202;23/09/2011;4581504286011290,00;906697137484454,00
17163;Benzene;æg/mü;655;Darfo Boario Terme v. De Amicis;221;05/10/2012;4587460210989040,00;1017735680898140,00
9983;Particelle sospese PM2.5;æg/mü;672;Cornale v.Libert…;74;02/02/2006;4504007657202960,00;8914144599002410,00
6685;Biossido di Azoto;æg/mü;642;Pavia v. Folperti;77;01/06/2002;4519467609907780,00;9164638300630090,00
9918;Ossidi di Azoto;æg/mü;664;Mantova p.zza Gramsci;18;08/06/2004;45151743379576600,00;1078140770009560,00
20495;Biossido di Azoto;æg/mü;1801;Brescia v.Tartaglia;151;;45542647891822800,00;10211205215118300,00
10072;PM10 (SM2005);æg/mü;693;Sannazzaro de' Burgondi v.Traversi;85;01/01/2007;4510276627684140,00;890417452771467,00
6208;Ossidi di Azoto;æg/mü;595;Filago v.Don Milani;190;06/03/1992;4563386450908070,00;9556084255790860,00
6005;Benzene;æg/mü;627;Cremona P.zza Cadorna;39;16/05/2002;4513194691285170,00;10015741513336000,00
6252;Ossidi di Azoto;æg/mü;576;Merate v. Madonna di Loreto;279;01/01/1991;4569795198970240,00;9406190938686600,00
9925;Ozono;æg/mü;677;Cremona Via Fatebenefratelli;43;08/04/2006;4514254063221690,00;10043836158369400,00
10283;Particelle sospese PM2.5;æg/mü;705;Milano Pascal Citt… Studi;122;29/03/2007;4547899606168740,00;9235491038497500,00
6412;Ossidi di Azoto;æg/mü;627;Cremona P.zza Cadorna;39;01/01/2002;4513194691285170,00;10015741513336000,00
10166;Benzene;æg/mü;703;Schivenoglia v. Malpasso;NULL;29/11/2006;45016877820755400,00;1107609463264050,00
9999;Biossido di Azoto;æg/mü;683;Cassano d'Adda 2-v.Milano;133;17/02/2006;4552647254585100,00;9515980483627100,00
10133;Monossido di Carbonio;mg/mü;700;Melara v. dell'Artigianato;12;28/11/2006;45063214361613300,00;1120921074969940,00
10083;PM10 (SM2005);æg/mü;695;Ponti sul Mincio v.San Martino;113;20/12/2006;4541277169168630,00;10683357343786800,00
5534;Biossido di Azoto;æg/mü;531;Pioltello Limito;114;23/05/1989;4548363035323250,00;9327360033215140,00
10025;Ozono;æg/mü;685;Calusco d'Adda v. Caduti sul Lavoro;273;30/06/2006;4569042907854510,00;9484260927647790,00
5658;Biossido di Zolfo;æg/mü;552;Varese v.Vidoletti;425;23/12/1991;4583690077655550,00;880392612667495,00
5576;Biossido di Azoto;æg/mü;573;Colico v.La Madoneta;229;05/11/1996;461381409051264,00;9384687247651790,00
9928;Biossido di Azoto;æg/mü;677;Cremona Via Fatebenefratelli;43;11/04/2006;4514254063221690,00;10043836158369400,00
6330;Ossidi di Azoto;æg/mü;542;Meda v. Gagarin;222;01/11/1995;4566176219189170,00;9156643984551600,00
12617;Benzo(a)pirene;ng/mü;670;Mantova S.Agnese;22;19/02/2008;4516056833010580,00;1079556411370790,00
20489;Ossidi di Azoto;æg/mü;1800;Brescia S.Polo;124;;455086667998462,00;10256370247433800,00
6782;Monossido di Carbonio;mg/mü;652;Brescia v.Turati;154;12/01/1999;45539529434956000,00;10231785907477200,00
9861;Ozono;æg/mü;673;Voghera v.Pozzoni;90;05/07/2005;4499954598914030,00;9008437381815690,00
10456;Particelle sospese PM2.5;æg/mü;1265;Lodi S.Alberto;76;03/08/2009;45302783503095800,00;9495273696926320,00
5742;Ozono;æg/mü;572;Morbegno v.Cortivacci;262;24/05/2003;46132282960003700,00;9566179893984470,00
9969;Biossido di Azoto;æg/mü;679;Valmadrera v.Pozzi;247;15/02/2006;45842207261022500,00;9351658166127960,00
12629;Benzo(a)pirene;ng/mü;705;Milano Pascal Citt… Studi;122;02/04/2008;4547899606168740,00;9235491038497500,00
9831;PM10 (SM2005);æg/mü;670;Mantova S.Agnese;22;30/12/2004;4516056833010580,00;1079556411370790,00
9739;PM10 (SM2005);æg/mü;608;Codogno v.Trento;59;09/04/2005;4515937280234110,00;969814824935254,00
12623;Benzo(a)pirene;ng/mü;542;Meda v. Gagarin;222;18/04/2008;4566176219189170,00;9156643984551600,00
9857;Biossido di Azoto;æg/mü;673;Voghera v.Pozzoni;90;28/07/2005;4499954598914030,00;9008437381815690,00
5710;Ozono;æg/mü;544;Cormano v. Edison;153;03/11/1994;45551041944372400,00;9162613653151320,00
6869;Benzene;æg/mü;642;Pavia v. Folperti;77;06/06/2002;4519467609907780,00;9164638300630090,00
30162;Ossidi di Azoto;æg/mü;669;Brescia Villaggio Sereno;70;22/01/2013;45513038818653800,00;1019194188877930,00
9897;Biossido di Azoto;æg/mü;609;Casirate d'Adda v. Cimitero;108;10/11/2005;4549822713394490,00;9556232262351760,00
10017;Ossidi di Azoto;æg/mü;685;Calusco d'Adda v. Caduti sul Lavoro;273;30/06/2006;4569042907854510,00;9484260927647790,00
10043;PM10 (SM2005);æg/mü;687;Ferno v.Di Dio;215;29/11/2006;4561924377994760,00;8756970445453430,00
10451;Ossidi di Azoto;æg/mü;1265;Lodi S.Alberto;76;03/08/2009;45302783503095800,00;9495273696926320,00
6817;Ossidi di Azoto;æg/mü;656;Gambara v.Parma;47;01/01/1990;4524954362474620,00;10299119496064100,00
10103;PM10 (SM2005);æg/mü;697;Borgofranco sul Po loc. Bonizzo;14;01/01/2007;4504650153816730,00;1118093581912750,00
10301;Benzene;æg/mü;574;Lecco v. Amendola;214;07/11/2006;45850191194578500,00;9395577066893220,00
20032;Ossidi di Azoto;æg/mü;693;Sannazzaro de' Burgondi v.Traversi;85;24/10/2013;4510276627684140,00;890417452771467,00
10384;Benzene;æg/mü;693;Sannazzaro de' Burgondi v.Traversi;85;01/01/2007;4510276627684140,00;890417452771467,00
6826;Biossido di Azoto;æg/mü;657;Lonato del Garda v.del Marchesino;180;16/02/1990;45463753136210300,00;10480772043571300,00
5810;Monossido di Carbonio;mg/mü;602;Melegnano v.Predabissi;83;13/01/2000;4535428575071000,00;9329243424113710,00
6428;Ossidi di Azoto;æg/mü;633;Soresina v. Landriani;70;01/01/2002;4528397715446760,00;9863398419993640,00
6280;Ossidi di Azoto;æg/mü;604;Tavazzano con Villavesco v.Cascina Bagnolo;85;13/01/2000;4533036100181230,00;9414644726627260,00
5591;Biossido di Azoto;æg/mü;588;Tavernola Bergamasca v.Riva di Sotto;191;21/09/1990;4571629992411730,00;10044765999368400,00
9854;Monossido di Carbonio;mg/mü;672;Cornale v.Libert…;74;29/07/2005;4504007657202960,00;8914144599002410,00
6587;Biossido di Zolfo;æg/mü;574;Lecco v. Amendola;214;17/02/1991;45850191194578500,00;9395577066893220,00
6798;Biossido di Azoto;æg/mü;654;Sarezzo v.Minelli;269;18/02/1990;4564962671224070,00;10205090218837000,00
5568;Biossido di Azoto;æg/mü;565;Cant— v.Meucci;369;15/02/1994;4573083672267430,00;9125734327022930,00
20428;PM10 (SM2005);æg/mü;683;Cassano d'Adda 2-v.Milano;133;19/12/2017;4552647254585100,00;9515980483627100,00
17127;Benzene;æg/mü;501;Milano v.Marche;129;13/09/2012;4549631644365100,00;9190933555313620,00
17297;Ozono;æg/mü;583;Bergamo v.Meucci;249;24/01/2013;4569103740547210,00;9643650579461380,00
12020;Ozono;æg/mü;1297;Spinadesco v.Battisti;48;04/02/2011;45150468869856800,00;9930596472272330,00
5520;Biossido di Azoto;æg/mü;517;Turbigo vicolo dello sport;141;11/01/1990;4552655086994250,00;8736496578379210,00
9985;Particelle sospese PM2.5;æg/mü;600;Lodi v.Vignati;80;10/07/2006;4530601298752380,00;948526286320174,00
10285;Ossidi di Azoto;æg/mü;706;Lecco v.Sora;272;28/06/2007;4586374884127960,00;9399950344681850,00
9856;Ozono;æg/mü;672;Cornale v.Libert…;74;29/07/2005;4504007657202960,00;8914144599002410,00
12641;Benzo(a)pirene;ng/mü;548;Milano v.Senato;118;10/07/2008;45470499014097,00;9197460360112530,00
20455;BlackCarbon;æg/mü;501;Milano v.Marche;129;25/11/2020;4549631644365100,00;9190933555313620,00
20528;Particelle sospese PM2.5;æg/mü;708;Parona v. della Miseria;112;01/06/2021;45281935610357900,00;8754334594539820,00
6400;Ossidi di Azoto;æg/mü;560;Varese v.Copelli;383;07/08/2003;45816973233263700,00;8820240707158210,00
12600;Benzo(a)pirene;ng/mü;609;Casirate d'Adda v. Cimitero;108;24/04/2008;4549822713394490,00;9556232262351760,00
6919;PM10 (SM2005);æg/mü;561;Como v.Cattaneo;202;04/01/2000;4581504286011290,00;906697137484454,00
6917;PM10 (SM2005);æg/mü;558;Busto Arsizio  Accam;206;20/01/1999;45582894292717700,00;8842165456706070,00
10282;Ozono;æg/mü;705;Milano Pascal Citt… Studi;122;16/06/2007;4547899606168740,00;9235491038497500,00
6831;Ossidi di Azoto;æg/mü;657;Lonato del Garda v.del Marchesino;180;01/01/1990;45463753136210300,00;10480772043571300,00
6962;PM10 (SM2005);æg/mü;595;Filago v.Don Milani;190;14/10/2004;4563386450908070,00;9556084255790860,00
5826;Monossido di Carbonio;mg/mü;546;Magenta v. F. Turati;137;22/04/1995;45462415791106600,00;8880210433125570,00
5693;Biossido di Zolfo;æg/mü;600;Lodi v.Vignati;80;30/12/1999;4530601298752380,00;948526286320174,00
6326;Ossidi di Azoto;æg/mü;546;Magenta v. F. Turati;137;22/04/1995;45462415791106600,00;8880210433125570,00
10449;Particelle sospese PM2.5;æg/mü;560;Varese v.Copelli;383;01/09/2009;45816973233263700,00;8820240707158210,00
5698;Biossido di Zolfo;æg/mü;604;Tavazzano con Villavesco v.Cascina Bagnolo;85;13/01/2000;4533036100181230,00;9414644726627260,00
6346;Ossidi di Azoto;æg/mü;514;Rho via Buon Ges—;152;03/10/1991;45523425662003500,00;9044599871111000,00
5704;Biossido di Zolfo;æg/mü;569;Sondrio v.Mazzini;307;01/11/1993;4616796681227830,00;987014407497457,00
9855;Ossidi di Azoto;æg/mü;672;Cornale v.Libert…;74;29/07/2005;4504007657202960,00;8914144599002410,00
5814;Monossido di Carbonio;mg/mü;551;Arconate v. De Gasperi;182;20/01/1999;4554851735741950,00;8847321929216260,00
6690;Ossidi di Azoto;æg/mü;642;Pavia v. Folperti;77;01/06/2002;4519467609907780,00;9164638300630090,00
9971;Monossido di Carbonio;mg/mü;679;Valmadrera v.Pozzi;247;16/02/2006;45842207261022500,00;9351658166127960,00
10454;Ozono;æg/mü;1265;Lodi S.Alberto;76;03/08/2009;45302783503095800,00;9495273696926320,00
10070;Biossido di Zolfo;æg/mü;693;Sannazzaro de' Burgondi v.Traversi;85;01/01/2007;4510276627684140,00;890417452771467,00
5563;Biossido di Azoto;æg/mü;560;Varese v.Copelli;383;07/08/2003;45816973233263700,00;8820240707158210,00
9833;Benzene;æg/mü;664;Mantova p.zza Gramsci;18;16/05/2005;45151743379576600,00;1078140770009560,00
12028;PM10 (SM2005);æg/mü;642;Pavia v. Folperti;77;04/02/2011;4519467609907780,00;9164638300630090,00
20492;Particelle sospese PM2.5;æg/mü;1800;Brescia S.Polo;124;;455086667998462,00;10256370247433800,00
5646;Biossido di Zolfo;æg/mü;517;Turbigo vicolo dello sport;141;08/03/1982;4552655086994250,00;8736496578379210,00
6411;Monossido di Carbonio;mg/mü;627;Cremona P.zza Cadorna;39;12/12/1997;4513194691285170,00;10015741513336000,00
5545;Biossido di Azoto;æg/mü;542;Meda v. Gagarin;222;01/11/1995;4566176219189170,00;9156643984551600,00
12665;Benzo(a)pirene;ng/mü;681;Moggio Loc. Penscei;1194;15/06/2008;4591278752030290,00;9497538167653420,00
20490;Monossido di Azoto;æg/mü;1800;Brescia S.Polo;124;;455086667998462,00;10256370247433800,00
10278;Ossidi di Azoto;æg/mü;705;Milano Pascal Citt… Studi;122;16/06/2007;4547899606168740,00;9235491038497500,00
6952;PM10 (SM2005);æg/mü;654;Sarezzo v.Minelli;269;23/06/2000;4564962671224070,00;10205090218837000,00
5707;Ozono;æg/mü;551;Arconate v. De Gasperi;182;20/01/1999;4554851735741950,00;8847321929216260,00
10002;Monossido di Carbonio;mg/mü;683;Cassano d'Adda 2-v.Milano;133;22/04/2006;4552647254585100,00;9515980483627100,00
6879;Monossido di Carbonio;mg/mü;664;Mantova p.zza Gramsci;18;11/06/2004;45151743379576600,00;1078140770009560,00
6366;Ossidi di Azoto;æg/mü;528;Milano Verziere;116;24/11/1988;45463346740666500,00;9195324807668860,00
6248;Ossidi di Azoto;æg/mü;574;Lecco v. Amendola;214;01/01/1991;45850191194578500,00;9395577066893220,00
5532;Biossido di Azoto;æg/mü;529;Cinisello Balsamo v.Lincoln;149;24/11/1988;4555232578741210,00;9227764233272630,00
10129;Ossidi di Azoto;æg/mü;700;Melara v. dell'Artigianato;12;29/11/2006;45063214361613300,00;1120921074969940,00
12694;Benzo(a)pirene;ng/mü;560;Varese v.Copelli;383;02/04/2008;45816973233263700,00;8820240707158210,00
20496;PM10 (SM2005);æg/mü;1801;Brescia v.Tartaglia;151;;45542647891822800,00;10211205215118300,00
6320;Ossidi di Azoto;æg/mü;539;Milano v.Liguria;115;24/10/1991;45443857653564900,00;9167944501742680,00
6686;Biossido di Zolfo;æg/mü;642;Pavia v. Folperti;77;01/06/2002;4519467609907780,00;9164638300630090,00
12016;Ossidi di Azoto;æg/mü;1297;Spinadesco v.Battisti;48;08/02/2011;45150468869856800,00;9930596472272330,00
10483;PM10 (SM2005);æg/mü;1265;Lodi S.Alberto;76;03/08/2009;45302783503095800,00;9495273696926320,00
30160;Biossido di Azoto;æg/mü;655;Darfo Boario Terme v. De Amicis;221;13/12/2013;4587460210989040,00;1017735680898140,00
5601;Biossido di Azoto;æg/mü;598;San Rocco al Porto v.Matteotti;50;24/01/2002;45081986696978600,00;970078817718398,00
10077;PM10 (SM2005);æg/mü;694;Salionze v. Campagna Rossa;109;29/11/2006;4540331375821290,00;1072659797077940,00
5567;Biossido di Azoto;æg/mü;564;Erba v. Battisti;279;13/06/2009;45808573806923000,00;9221779204488440,00
6582;Ozono;æg/mü;561;Como v.Cattaneo;202;17/02/1991;4581504286011290,00;906697137484454,00
10491;PM10 (SM2005);æg/mü;681;Moggio Loc. Penscei;1194;31/03/2009;4591278752030290,00;9497538167653420,00
6959;PM10 (SM2005);æg/mü;565;Cant— v.Meucci;369;01/01/1999;4573083672267430,00;9125734327022930,00
5619;Biossido di Zolfo;æg/mü;544;Cormano v. Edison;153;26/10/1994;45551041944372400,00;9162613653151320,00
10131;Biossido di Azoto;æg/mü;700;Melara v. dell'Artigianato;12;28/11/2006;45063214361613300,00;1120921074969940,00
20155;PM10 (SM2005);æg/mü;690;Mezzana Bigli loc. Casoni;73;20/11/2013;45069658641385900,00;886888929943922,00
10463;Ozono;æg/mü;1266;Bertonico v.Moro;65;03/08/2009;4523349364130370,00;9666250375296030,00
10079;Biossido di Azoto;æg/mü;695;Ponti sul Mincio v.San Martino;113;20/12/2006;4541277169168630,00;10683357343786800,00
9976;PM10 (SM2005);æg/mü;679;Valmadrera v.Pozzi;247;11/02/2006;45842207261022500,00;9351658166127960,00
9882;Ozono;æg/mü;674;Monza v.Machiavelli;162;21/10/2005;4558026348442240,00;9273573092713270,00
5958;Biossido di Azoto;æg/mü;629;Crema v.XI febbraio;79;01/11/1992;45366309078194300,00;9703945513613170,00
5610;Biossido di Azoto;æg/mü;607;Abbadia Cerreto v. Fanfulla;64;13/01/2000;45309502269282300,00;9585790416120410,00
6936;PM10 (SM2005);æg/mü;596;Osio Sotto v.per Levate;182;24/05/2000;4562055567939560,00;9611737821812370,00
30165;Ozono;æg/mü;669;Brescia Villaggio Sereno;70;13/12/2013;45513038818653800,00;1019194188877930,00
10280;Biossido di Zolfo;æg/mü;705;Milano Pascal Citt… Studi;122;16/06/2007;4547899606168740,00;9235491038497500,00
9772;Benzene;æg/mü;600;Lodi v.Vignati;80;23/04/2005;4530601298752380,00;948526286320174,00
10286;Biossido di Azoto;æg/mü;706;Lecco v.Sora;272;27/06/2007;4586374884127960,00;9399950344681850,00
10165;Ossidi di Azoto;æg/mü;703;Schivenoglia v. Malpasso;NULL;29/11/2006;45016877820755400,00;1107609463264050,00
6705;Monossido di Carbonio;mg/mü;643;Pavia p.zza Minerva;77;03/03/2002;4518632908049480,00;9146666041286780,00
5676;Biossido di Zolfo;æg/mü;561;Como v.Cattaneo;202;17/02/1991;4581504286011290,00;906697137484454,00
6921;PM10 (SM2005);æg/mü;564;Erba v. Battisti;279;13/06/2009;45808573806923000,00;9221779204488440,00
5507;Biossido di Azoto;æg/mü;504;Sesto San Giovanni v. Cesare da Sesto;139;18/12/1980;4553476576509220,00;9236107923411640,00
20427;Biossido di Zolfo;æg/mü;683;Cassano d'Adda 2-v.Milano;133;20/12/2017;4552647254585100,00;9515980483627100,00
5603;Biossido di Azoto;æg/mü;600;Lodi v.Vignati;80;30/12/1999;4530601298752380,00;948526286320174,00
12671;Benzo(a)pirene;ng/mü;703;Schivenoglia v. Malpasso;NULL;22/02/2008;45016877820755400,00;1107609463264050,00
10336;Particolato Totale Sospeso;æg/mü;709;Vigevano v.Valletta;109;07/08/2007;45303607869655700,00;8844804609965440,00
6276;Ossidi di Azoto;æg/mü;606;San Giuliano Milanese via Milano;97;13/01/2000;4539619462552720,00;9282700075557840,00
6300;Ossidi di Azoto;æg/mü;544;Cormano v. Edison;153;24/10/1994;45551041944372400,00;9162613653151320,00
9984;Particelle sospese PM2.5;æg/mü;669;Brescia Villaggio Sereno;70;06/06/2006;45513038818653800,00;1019194188877930,00
20442;Monossido di Azoto;æg/mü;681;Moggio Loc. Penscei;1194;16/03/2007;4591278752030290,00;9497538167653420,00
9798;Monossido di Carbonio;mg/mü;670;Mantova S.Agnese;22;28/12/2004;4516056833010580,00;1079556411370790,00
6871;Biossido di Azoto;æg/mü;663;Mantova v.Ariosto;18;01/01/2003;4514526012578900,00;1080332595007930,00
20494;Monossido di Azoto;æg/mü;1801;Brescia v.Tartaglia;151;;45542647891822800,00;10211205215118300,00
6818;Ozono;æg/mü;656;Gambara v.Parma;47;15/02/1990;4524954362474620,00;10299119496064100,00
5950;Biossido di Azoto;æg/mü;626;Corte de' Cortesi con Cignone v. Villa Strada Forca;57;17/05/1996;4527848755478840,00;10006202391204300,00
6880;Biossido di Azoto;æg/mü;665;Viadana v. Cavalli;37;25/10/2003;4492469404955070,00;10517502067117800,00
10329;Ossidi di Azoto;æg/mü;708;Parona v. della Miseria;112;01/10/2007;45281935610357900,00;8754334594539820,00
9996;Ossidi di Azoto;æg/mü;682;Ferrera Erbognone ENI;88;21/01/2006;4511350314482960,00;8874064848882610,00
10352;PM10 (SM2005);æg/mü;517;Turbigo vicolo dello sport;141;01/01/2008;4552655086994250,00;8736496578379210,00
6761;Biossido di Azoto;æg/mü;649;Brescia v.Broletto;149;01/01/1983;45540057846971400,00;10222818449274200,00
5750;Ozono;æg/mü;552;Varese v.Vidoletti;425;23/12/1991;4583690077655550,00;880392612667495,00
5798;Monossido di Carbonio;mg/mü;561;Como v.Cattaneo;202;17/02/1991;4581504286011290,00;906697137484454,00
10505;Ossidi di Azoto;æg/mü;1269;Dalmine v.Verdi;207;12/02/2010;4564970251236250,00;9601223338785260,00
5572;Biossido di Azoto;æg/mü;569;Sondrio v.Mazzini;307;01/11/1993;4616796681227830,00;987014407497457,00
5960;Ozono;æg/mü;629;Crema v.XI febbraio;79;28/04/1996;45366309078194300,00;9703945513613170,00
10173;PM10 (SM2005);æg/mü;703;Schivenoglia v. Malpasso;NULL;01/01/2007;45016877820755400,00;1107609463264050,00
5548;Biossido di Azoto;æg/mü;545;Motta Visconti v. De Gasperi;100;17/03/1998;45281956197427800,00;8988562726793250,00
9978;Particelle sospese PM2.5;æg/mü;609;Casirate d'Adda v. Cimitero;108;11/11/2005;4549822713394490,00;9556232262351760,00
6935;PM10 (SM2005);æg/mü;592;Treviglio p.zza Insurrezione;191;03/02/2000;4551933498138720,00;9592009994888420,00
6947;PM10 (SM2005);æg/mü;643;Pavia p.zza Minerva;77;06/06/2002;4518632908049480,00;9146666041286780,00
12022;Particelle sospese PM2.5;æg/mü;1297;Spinadesco v.Battisti;48;16/02/2011;45150468869856800,00;9930596472272330,00
6262;Ossidi di Azoto;æg/mü;603;Castiraga Vidardo v.Craxi;74;13/01/2000;4526232519992150,00;9400281323067920,00
6212;Ossidi di Azoto;æg/mü;596;Osio Sotto v.per Levate;182;06/04/2000;4562055567939560,00;9611737821812370,00
12584;PM10 (SM2005);æg/mü;627;Cremona P.zza Cadorna;39;01/01/2012;4513194691285170,00;10015741513336000,00
20488;Particelle sospese PM2.5;æg/mü;564;Erba v. Battisti;279;;45808573806923000,00;9221779204488440,00
6232;Ossidi di Azoto;æg/mü;561;Como v.Cattaneo;202;01/01/1991;4581504286011290,00;906697137484454,00
10339;PM10 (SM2005);æg/mü;629;Crema v.XI febbraio;79;25/09/2007;45366309078194300,00;9703945513613170,00
5823;Monossido di Carbonio;mg/mü;539;Milano v.Liguria;115;20/10/1991;45443857653564900,00;9167944501742680,00
10450;Particelle sospese PM2.5;æg/mü;655;Darfo Boario Terme v. De Amicis;221;23/12/2008;4587460210989040,00;1017735680898140,00
6268;Ossidi di Azoto;æg/mü;600;Lodi v.Vignati;80;30/12/1999;4530601298752380,00;948526286320174,00
5561;Biossido di Azoto;æg/mü;558;Busto Arsizio  Accam;206;06/12/1998;45582894292717700,00;8842165456706070,00
5790;Monossido di Carbonio;mg/mü;592;Treviglio p.zza Insurrezione;191;01/12/1994;4551933498138720,00;9592009994888420,00
6929;PM10 (SM2005);æg/mü;576;Merate v. Madonna di Loreto;279;01/01/2000;4569795198970240,00;9406190938686600,00
5504;Biossido di Azoto;æg/mü;501;Milano v.Marche;129;18/09/1980;4549631644365100,00;9190933555313620,00
10097;Biossido di Azoto;æg/mü;697;Borgofranco sul Po loc. Bonizzo;14;29/11/2006;4504650153816730,00;1118093581912750,00
6925;PM10 (SM2005);æg/mü;571;Bormio v.Monte Braulio;1225;18/04/2003;4646952397132580,00;10375432759159000,00
20443;Biossido di Azoto;æg/mü;681;Moggio Loc. Penscei;1194;16/03/2007;4591278752030290,00;9497538167653420,00
5579;Biossido di Azoto;æg/mü;576;Merate v. Madonna di Loreto;279;18/02/1991;4569795198970240,00;9406190938686600,00
10333;Ossidi di Azoto;æg/mü;709;Vigevano v.Valletta;109;08/08/2007;45303607869655700,00;8844804609965440,00
5845;Monossido di Carbonio;mg/mü;569;Sondrio v.Mazzini;307;01/11/1993;4616796681227830,00;987014407497457,00
9998;Benzene;æg/mü;683;Cassano d'Adda 2-v.Milano;133;17/02/2006;4552647254585100,00;9515980483627100,00
20154;Ozono;æg/mü;690;Mezzana Bigli loc. Casoni;73;20/11/2013;45069658641385900,00;886888929943922,00
6701;Biossido di Azoto;æg/mü;643;Pavia p.zza Minerva;77;03/03/2002;4518632908049480,00;9146666041286780,00
9852;Biossido di Azoto;æg/mü;672;Cornale v.Libert…;74;29/07/2005;4504007657202960,00;8914144599002410,00
20157;Particelle sospese PM2.5;æg/mü;642;Pavia v. Folperti;77;20/11/2013;4519467609907780,00;9164638300630090,00
10547;Particelle sospese PM2.5;æg/mü;1269;Dalmine v.Verdi;207;26/02/2010;4564970251236250,00;9601223338785260,00
10290;PM10 (SM2005);æg/mü;706;Lecco v.Sora;272;31/12/2000;4586374884127960,00;9399950344681850,00
10331;Biossido di Azoto;æg/mü;709;Vigevano v.Valletta;109;08/08/2007;45303607869655700,00;8844804609965440,00
10458;Biossido di Azoto;æg/mü;1266;Bertonico v.Moro;65;03/08/2009;4523349364130370,00;9666250375296030,00
6766;Ossidi di Azoto;æg/mü;649;Brescia v.Broletto;149;05/08/1992;45540057846971400,00;10222818449274200,00
10171;Ozono;æg/mü;703;Schivenoglia v. Malpasso;NULL;29/11/2006;45016877820755400,00;1107609463264050,00
6380;Ossidi di Azoto;æg/mü;572;Morbegno v.Cortivacci;262;13/01/1999;46132282960003700,00;9566179893984470,00
10507;Biossido di Azoto;æg/mü;1269;Dalmine v.Verdi;207;12/02/2010;4564970251236250,00;9601223338785260,00
20216;Biossido di Zolfo;æg/mü;690;Mezzana Bigli loc. Casoni;73;20/01/2006;45069658641385900,00;886888929943922,00
6228;Ossidi di Azoto;æg/mü;588;Tavernola Bergamasca v.Riva di Sotto;191;21/09/1990;4571629992411730,00;10044765999368400,00
6966;Biossido di Zolfo;æg/mü;669;Brescia Villaggio Sereno;70;24/11/2004;45513038818653800,00;1019194188877930,00
10506;Benzene;æg/mü;1269;Dalmine v.Verdi;207;01/09/2010;4564970251236250,00;9601223338785260,00
9890;PM10 (SM2005);æg/mü;674;Monza v.Machiavelli;162;18/11/2005;4558026348442240,00;9273573092713270,00
6691;Ozono;æg/mü;642;Pavia v. Folperti;77;01/06/2002;4519467609907780,00;9164638300630090,00
12593;Benzo(a)pirene;ng/mü;669;Brescia Villaggio Sereno;70;18/04/2008;45513038818653800,00;1019194188877930,00
6955;PM10 (SM2005);æg/mü;663;Mantova v.Ariosto;18;01/01/2003;4514526012578900,00;1080332595007930,00
10452;Biossido di Azoto;æg/mü;1265;Lodi S.Alberto;76;03/08/2009;45302783503095800,00;9495273696926320,00
10273;PM10 (SM2005);æg/mü;705;Milano Pascal Citt… Studi;122;21/04/2007;4547899606168740,00;9235491038497500,00
6841;Biossido di Azoto;æg/mü;659;Odolo v.Praes;349;13/12/2013;4564604963372520,00;1038929530279200,00
6864;Ossidi di Azoto;æg/mü;661;Rezzato v.De Gasperi;147;05/08/1992;4551570829484460,00;10336240422996500,00
9802;Biossido di Azoto;æg/mü;670;Mantova S.Agnese;22;31/12/2004;4516056833010580,00;1079556411370790,00
10399;Particelle sospese PM2.5;æg/mü;583;Bergamo v.Meucci;249;20/12/2008;4569103740547210,00;9643650579461380,00
20491;Biossido di Azoto;æg/mü;1800;Brescia S.Polo;124;;455086667998462,00;10256370247433800,00
6931;PM10 (SM2005);æg/mü;583;Bergamo v.Meucci;249;03/07/2000;4569103740547210,00;9643650579461380,00
5828;Monossido di Carbonio;mg/mü;542;Meda v. Gagarin;222;01/11/1995;4566176219189170,00;9156643984551600,00
20358;Particelle sospese PM2.5;æg/mü;504;Sesto San Giovanni v. Cesare da Sesto;139;01/01/2017;4553476576509220,00;9236107923411640,00
6872;Biossido di Zolfo;æg/mü;663;Mantova v.Ariosto;18;01/01/2003;4514526012578900,00;1080332595007930,00
5598;Biossido di Azoto;æg/mü;595;Filago v.Don Milani;190;06/03/1992;4563386450908070,00;9556084255790860,00
10320;PM10 (SM2005);æg/mü;548;Milano v.Senato;118;10/08/2007;45470499014097,00;9197460360112530,00
10169;Monossido di Carbonio;mg/mü;703;Schivenoglia v. Malpasso;NULL;29/11/2006;45016877820755400,00;1107609463264050,00
12017;Biossido di Azoto;æg/mü;1297;Spinadesco v.Battisti;48;08/02/2011;45150468869856800,00;9930596472272330,00
5827;Monossido di Carbonio;mg/mü;501;Milano v.Marche;129;05/04/1989;4549631644365100,00;9190933555313620,00
5587;Biossido di Azoto;æg/mü;584;Bergamo v.Garibaldi;249;21/06/1994;4569568034432690,00;966124914606551,00
6803;Ossidi di Azoto;æg/mü;654;Sarezzo v.Minelli;269;01/01/1990;4564962671224070,00;10205090218837000,00
10168;Biossido di Zolfo;æg/mü;703;Schivenoglia v. Malpasso;NULL;13/12/2006;45016877820755400,00;1107609463264050,00
10583;Ossidi di Azoto;æg/mü;1274;Perledo P.zza della stazione;212;01/09/2010;4601582830438380,00;9286409208680810,00
5670;Biossido di Zolfo;æg/mü;584;Bergamo v.Garibaldi;249;16/06/1994;4569568034432690,00;966124914606551,00
5700;Biossido di Zolfo;æg/mü;571;Bormio v.Monte Braulio;1225;01/11/1993;4646952397132580,00;10375432759159000,00
6804;Ozono;æg/mü;654;Sarezzo v.Minelli;269;12/03/2004;4564962671224070,00;10205090218837000,00
17293;PM10 (SM2005);æg/mü;1264;Sondrio v.Paribelli;290;09/10/2012;46167852440665100,00;9879209924469900,00
5842;Monossido di Carbonio;mg/mü;571;Bormio v.Monte Braulio;1225;02/11/1993;4646952397132580,00;10375432759159000,00
6324;Ossidi di Azoto;æg/mü;531;Pioltello Limito;114;12/05/1989;4548363035323250,00;9327360033215140,00
10176;Particelle sospese PM2.5;æg/mü;703;Schivenoglia v. Malpasso;NULL;13/12/2006;45016877820755400,00;1107609463264050,00
10109;Biossido di Zolfo;æg/mü;698;Ceneselli v. Moro;13;28/11/2006;4501325676849330,00;11372344948058200,00
6910;PM10 (SM2005);æg/mü;542;Meda v. Gagarin;222;06/02/1998;4566176219189170,00;9156643984551600,00
5605;Biossido di Azoto;æg/mü;602;Melegnano v.Predabissi;83;13/01/2000;4535428575071000,00;9329243424113710,00
5732;Ozono;æg/mü;573;Colico v.La Madoneta;229;06/11/1996;461381409051264,00;9384687247651790,00
5542;Biossido di Azoto;æg/mü;539;Milano v.Liguria;115;24/10/1991;45443857653564900,00;9167944501742680,00
10581;Biossido di Azoto;æg/mü;1274;Perledo P.zza della stazione;212;01/09/2010;4601582830438380,00;9286409208680810,00
5574;Biossido di Azoto;æg/mü;571;Bormio v.Monte Braulio;1225;01/11/1993;4646952397132580,00;10375432759159000,00
6706;Ossidi di Azoto;æg/mü;643;Pavia p.zza Minerva;77;03/03/2002;4518632908049480,00;9146666041286780,00
6927;PM10 (SM2005);æg/mü;574;Lecco v. Amendola;214;12/05/2000;45850191194578500,00;9395577066893220,00
9835;PM10 (SM2005);æg/mü;664;Mantova p.zza Gramsci;18;28/12/2004;45151743379576600,00;1078140770009560,00
9860;Ossidi di Azoto;æg/mü;673;Voghera v.Pozzoni;90;28/07/2005;4499954598914030,00;9008437381815690,00
20493;Ossidi di Azoto;æg/mü;1801;Brescia v.Tartaglia;151;;45542647891822800,00;10211205215118300,00
6218;Ossidi di Azoto;æg/mü;583;Bergamo v.Meucci;249;01/06/1989;4569103740547210,00;9643650579461380,00
9930;Ossidi di Azoto;æg/mü;677;Cremona Via Fatebenefratelli;43;11/04/2006;4514254063221690,00;10043836158369400,00
10270;Ozono;æg/mü;655;Darfo Boario Terme v. De Amicis;221;01/01/2007;4587460210989040,00;1017735680898140,00
10484;PM10 (SM2005);æg/mü;1266;Bertonico v.Moro;65;03/08/2009;4523349364130370,00;9666250375296030,00
10027;PM10 (SM2005);æg/mü;685;Calusco d'Adda v. Caduti sul Lavoro;273;30/06/2006;4569042907854510,00;9484260927647790,00
10405;PM10 (SM2005);æg/mü;584;Bergamo v.Garibaldi;249;19/12/2008;4569568034432690,00;966124914606551,00
6956;PM10 (SM2005);æg/mü;528;Milano Verziere;116;01/11/2001;45463346740666500,00;9195324807668860,00
9961;PM10 (SM2005);æg/mü;669;Brescia Villaggio Sereno;70;01/01/2006;45513038818653800,00;1019194188877930,00
5794;Monossido di Carbonio;mg/mü;584;Bergamo v.Garibaldi;249;16/06/1994;4569568034432690,00;966124914606551,00
17295;Ozono;æg/mü;558;Busto Arsizio  Accam;206;26/01/2013;45582894292717700,00;8842165456706070,00
9997;Ozono;æg/mü;682;Ferrera Erbognone ENI;88;21/01/2006;4511350314482960,00;8874064848882610,00
10343;PM10 (SM2005);æg/mü;708;Parona v. della Miseria;112;28/09/2007;45281935610357900,00;8754334594539820,00
17159;Particelle sospese PM2.5;æg/mü;633;Soresina v. Landriani;70;11/10/2012;4528397715446760,00;9863398419993640,00
20441;Ossidi di Azoto;æg/mü;681;Moggio Loc. Penscei;1194;17/03/2007;4591278752030290,00;9497538167653420,00
5599;Biossido di Azoto;æg/mü;596;Osio Sotto v.per Levate;182;06/04/2000;4562055567939560,00;9611737821812370,00
20034;Biossido di Azoto;æg/mü;693;Sannazzaro de' Burgondi v.Traversi;85;16/09/2006;4510276627684140,00;890417452771467,00
6246;Ossidi di Azoto;æg/mü;573;Colico v.La Madoneta;229;06/11/1996;461381409051264,00;9384687247651790,00
6386;Ossidi di Azoto;æg/mü;558;Busto Arsizio  Accam;206;06/12/1998;45582894292717700,00;8842165456706070,00
10038;Biossido di Azoto;æg/mü;687;Ferno v.Di Dio;215;06/11/2006;4561924377994760,00;8756970445453430,00
9872;PM10 (SM2005);æg/mü;673;Voghera v.Pozzoni;90;05/07/2005;4499954598914030,00;9008437381815690,00
6610;Particolato Totale Sospeso;æg/mü;612;Filago v.Fermi;176;01/01/1992;456244564811923,00;9556504350318220,00
6904;Ozono;æg/mü;596;Osio Sotto v.per Levate;182;08/09/2004;4562055567939560,00;9611737821812370,00
10501;PM10 (SM2005);æg/mü;655;Darfo Boario Terme v. De Amicis;221;23/12/2008;4587460210989040,00;1017735680898140,00
6402;Ossidi di Azoto;æg/mü;552;Varese v.Vidoletti;425;23/12/1991;4583690077655550,00;880392612667495,00
9972;Ozono;æg/mü;679;Valmadrera v.Pozzi;247;21/02/2006;45842207261022500,00;9351658166127960,00
9917;Ossidi di Azoto;æg/mü;663;Mantova v.Ariosto;18;05/06/2004;4514526012578900,00;1080332595007930,00
6912;PM10 (SM2005);æg/mü;546;Magenta v. F. Turati;137;25/02/1998;45462415791106600,00;8880210433125570,00
5551;Biossido di Azoto;æg/mü;548;Milano v.Senato;118;21/04/1995;45470499014097,00;9197460360112530,00
5953;Biossido di Azoto;æg/mü;627;Cremona P.zza Cadorna;39;12/12/1997;4513194691285170,00;10015741513336000,00
5577;Biossido di Azoto;æg/mü;574;Lecco v. Amendola;214;17/02/1991;45850191194578500,00;9395577066893220,00
5554;Biossido di Azoto;æg/mü;551;Arconate v. De Gasperi;182;20/01/1999;4554851735741950,00;8847321929216260,00
6832;Ozono;æg/mü;657;Lonato del Garda v.del Marchesino;180;14/03/2004;45463753136210300,00;10480772043571300,00
5717;Ozono;æg/mü;531;Pioltello Limito;114;13/05/1989;4548363035323250,00;9327360033215140,00
10438;Particelle sospese PM2.5;æg/mü;1264;Sondrio v.Paribelli;290;11/11/2008;46167852440665100,00;9879209924469900,00
10013;Particelle sospese PM2.5;æg/mü;576;Merate v. Madonna di Loreto;279;10/09/2006;4569795198970240,00;9406190938686600,00
5989;Benzene;æg/mü;584;Bergamo v.Garibaldi;249;02/08/1997;4569568034432690,00;966124914606551,00
9875;Ossidi di Azoto;æg/mü;674;Monza v.Machiavelli;162;21/10/2005;4558026348442240,00;9273573092713270,00
5517;Biossido di Azoto;æg/mü;514;Rho via Buon Ges—;152;03/10/1991;45523425662003500,00;9044599871111000,00
10586;Particelle sospese PM2.5;æg/mü;677;Cremona Via Fatebenefratelli;43;28/07/2010;4514254063221690,00;10043836158369400,00
5965;Biossido di Azoto;æg/mü;633;Soresina v. Landriani;70;16/10/1999;4528397715446760,00;9863398419993640,00
17037;Benzo(a)pirene;ng/mü;583;Bergamo v.Meucci;249;14/01/2012;4569103740547210,00;9643650579461380,00
17126;Benzene;æg/mü;705;Milano Pascal Citt… Studi;122;13/09/2012;4547899606168740,00;9235491038497500,00
5832;Monossido di Carbonio;mg/mü;514;Rho via Buon Ges—;152;02/10/1991;45523425662003500,00;9044599871111000,00
12577;Particelle sospese PM2.5;æg/mü;627;Cremona P.zza Cadorna;39;01/01/2012;4513194691285170,00;10015741513336000,00
10326;Biossido di Azoto;æg/mü;708;Parona v. della Miseria;112;01/10/2007;45281935610357900,00;8754334594539820,00
10335;PM10 (SM2005);æg/mü;709;Vigevano v.Valletta;109;08/08/2007;45303607869655700,00;8844804609965440,00
6884;Ozono;æg/mü;665;Viadana v. Cavalli;37;01/10/2003;4492469404955070,00;10517502067117800,00
10028;Particelle sospese PM2.5;æg/mü;685;Calusco d'Adda v. Caduti sul Lavoro;273;30/06/2006;4569042907854510,00;9484260927647790,00
6328;Ossidi di Azoto;æg/mü;501;Milano v.Marche;129;18/09/1980;4549631644365100,00;9190933555313620,00
6918;PM10 (SM2005);æg/mü;560;Varese v.Copelli;383;17/07/2003;45816973233263700,00;8820240707158210,00
6813;Biossido di Azoto;æg/mü;656;Gambara v.Parma;47;16/02/1990;4524954362474620,00;10299119496064100,00
10020;Biossido di Zolfo;æg/mü;685;Calusco d'Adda v. Caduti sul Lavoro;273;30/06/2006;4569042907854510,00;9484260927647790,00
5730;Ozono;æg/mü;564;Erba v. Battisti;279;01/01/2009;45808573806923000,00;9221779204488440,00
5719;Ozono;æg/mü;542;Meda v. Gagarin;222;01/11/1995;4566176219189170,00;9156643984551600,00
6220;Ossidi di Azoto;æg/mü;584;Bergamo v.Garibaldi;249;21/06/1994;4569568034432690,00;966124914606551,00
5805;Monossido di Carbonio;mg/mü;574;Lecco v. Amendola;214;17/02/1991;45850191194578500,00;9395577066893220,00
12688;Benzo(a)pirene;ng/mü;633;Soresina v. Landriani;70;02/04/2008;4528397715446760,00;9863398419993640,00
10432;Biossido di Azoto;æg/mü;1264;Sondrio v.Paribelli;290;04/01/2009;46167852440665100,00;9879209924469900,00
6784;Ossidi di Azoto;æg/mü;652;Brescia v.Turati;154;01/10/1999;45539529434956000,00;10231785907477200,00
10074;Biossido di Azoto;æg/mü;694;Salionze v. Campagna Rossa;109;30/11/2006;4540331375821290,00;1072659797077940,00
20041;Ozono;æg/mü;670;Mantova S.Agnese;22;13/12/2013;4516056833010580,00;1079556411370790,00
9899;Ozono;æg/mü;609;Casirate d'Adda v. Cimitero;108;01/12/2005;4549822713394490,00;9556232262351760,00
30166;Benzene;æg/mü;652;Brescia v.Turati;154;01/01/2016;45539529434956000,00;10231785907477200,00
9927;PM10 (SM2005);æg/mü;677;Cremona Via Fatebenefratelli;43;08/04/2006;4514254063221690,00;10043836158369400,00
10037;Ossidi di Azoto;æg/mü;687;Ferno v.Di Dio;215;06/11/2006;4561924377994760,00;8756970445453430,00
30159;Ossidi di Azoto;æg/mü;655;Darfo Boario Terme v. De Amicis;221;23/01/2013;4587460210989040,00;1017735680898140,00
6926;PM10 (SM2005);æg/mü;572;Morbegno v.Cortivacci;262;14/12/1999;46132282960003700,00;9566179893984470,00
6260;Ossidi di Azoto;æg/mü;607;Abbadia Cerreto v. Fanfulla;64;13/01/2000;45309502269282300,00;9585790416120410,00
11041;Biossido di Zolfo;æg/mü;674;Monza v.Machiavelli;162;10/02/2011;4558026348442240,00;9273573092713270,00
5631;Biossido di Zolfo;æg/mü;546;Magenta v. F. Turati;137;22/04/1995;45462415791106600,00;8880210433125570,00
5630;Biossido di Zolfo;æg/mü;531;Pioltello Limito;114;07/05/1989;4548363035323250,00;9327360033215140,00
5531;Biossido di Azoto;æg/mü;528;Milano Verziere;116;24/11/1988;45463346740666500,00;9195324807668860,00
5607;Biossido di Azoto;æg/mü;604;Tavazzano con Villavesco v.Cascina Bagnolo;85;13/01/2000;4533036100181230,00;9414644726627260,00
10259;Benzene;æg/mü;569;Sondrio v.Mazzini;307;19/09/2006;4616796681227830,00;987014407497457,00
10016;Biossido di Zolfo;æg/mü;664;Mantova p.zza Gramsci;18;30/10/2006;45151743379576600,00;1078140770009560,00
29041;Benzene;æg/mü;561;Como v.Cattaneo;202;;4581504286011290,00;906697137484454,00
6945;PM10 (SM2005);æg/mü;633;Soresina v. Landriani;70;04/02/2000;4528397715446760,00;9863398419993640,00
9920;Ossidi di Azoto;æg/mü;665;Viadana v. Cavalli;37;15/06/2004;4492469404955070,00;10517502067117800,00
5564;Biossido di Azoto;æg/mü;561;Como v.Cattaneo;202;17/02/1991;4581504286011290,00;906697137484454,00
6958;PM10 (SM2005);æg/mü;569;Sondrio v.Mazzini;307;08/12/1999;4616796681227830,00;987014407497457,00
10396;Particelle sospese PM2.5;æg/mü;674;Monza v.Machiavelli;162;19/12/2008;4558026348442240,00;9273573092713270,00
6951;PM10 (SM2005);æg/mü;649;Brescia v.Broletto;149;23/09/2000;45540057846971400,00;10222818449274200,00
6908;PM10 (SM2005);æg/mü;531;Pioltello Limito;114;21/02/1998;4548363035323250,00;9327360033215140,00
10085;Particelle sospese PM2.5;æg/mü;695;Ponti sul Mincio v.San Martino;113;12/01/2007;4541277169168630,00;10683357343786800,00
10036;Benzene;æg/mü;673;Voghera v.Pozzoni;90;28/07/2005;4499954598914030,00;9008437381815690,00
9995;Monossido di Carbonio;mg/mü;682;Ferrera Erbognone ENI;88;21/01/2006;4511350314482960,00;8874064848882610,00
6845;Ossidi di Azoto;æg/mü;659;Odolo v.Praes;349;08/10/1990;4564604963372520,00;1038929530279200,00
6870;Benzene;æg/mü;663;Mantova v.Ariosto;18;01/01/2003;4514526012578900,00;1080332595007930,00
6234;Ossidi di Azoto;æg/mü;564;Erba v. Battisti;279;13/06/2009;45808573806923000,00;9221779204488440,00
10279;Biossido di Azoto;æg/mü;705;Milano Pascal Citt… Studi;122;16/06/2007;4547899606168740,00;9235491038497500,00
30158;Particelle sospese PM2.5;æg/mü;649;Brescia v.Broletto;149;13/12/2013;45540057846971400,00;10222818449274200,00
5739;Ozono;æg/mü;571;Bormio v.Monte Braulio;1225;29/05/1996;4646952397132580,00;10375432759159000,00
6859;Biossido di Azoto;æg/mü;661;Rezzato v.De Gasperi;147;05/08/1992;4551570829484460,00;10336240422996500,00
10095;Ossidi di Azoto;æg/mü;697;Borgofranco sul Po loc. Bonizzo;14;29/11/2006;4504650153816730,00;1118093581912750,00
6781;Biossido di Azoto;æg/mü;652;Brescia v.Turati;154;13/01/1999;45539529434956000,00;10231785907477200,00
5547;Biossido di Azoto;æg/mü;544;Cormano v. Edison;153;24/10/1994;45551041944372400,00;9162613653151320,00
6419;Ossidi di Azoto;æg/mü;629;Crema v.XI febbraio;79;01/01/2002;45366309078194300,00;9703945513613170,00
10081;Ozono;æg/mü;695;Ponti sul Mincio v.San Martino;113;06/02/2007;4541277169168630,00;10683357343786800,00
20487;Monossido di Carbonio;mg/mü;695;Ponti sul Mincio v.San Martino;113;01/06/2021;4541277169168630,00;10683357343786800,00
6204;Ossidi di Azoto;æg/mü;592;Treviglio p.zza Insurrezione;191;02/06/1991;4551933498138720,00;9592009994888420,00
5609;Biossido di Azoto;æg/mü;606;San Giuliano Milanese via Milano;97;13/01/2000;4539619462552720,00;9282700075557840,00
10167;Biossido di Azoto;æg/mü;703;Schivenoglia v. Malpasso;NULL;29/11/2006;45016877820755400,00;1107609463264050,00
10018;Benzene;æg/mü;685;Calusco d'Adda v. Caduti sul Lavoro;273;30/06/2006;4569042907854510,00;9484260927647790,00
12611;Benzo(a)pirene;ng/mü;546;Magenta v. F. Turati;137;15/04/2008;45462415791106600,00;8880210433125570,00
9965;PM10 (SM2005);æg/mü;609;Casirate d'Adda v. Cimitero;108;01/01/2006;4549822713394490,00;9556232262351760,00
6057;Benzene;æg/mü;548;Milano v.Senato;118;01/01/1999;45470499014097,00;9197460360112530,00
10580;Biossido di Zolfo;æg/mü;627;Cremona P.zza Cadorna;39;01/09/2010;4513194691285170,00;10015741513336000,00
10041;Ozono;æg/mü;687;Ferno v.Di Dio;215;06/11/2006;4561924377994760,00;8756970445453430,00
6230;Ossidi di Azoto;æg/mü;565;Cant— v.Meucci;369;01/07/1994;4573083672267430,00;9125734327022930,00
6364;Ossidi di Azoto;æg/mü;517;Turbigo vicolo dello sport;141;11/01/1990;4552655086994250,00;8736496578379210,00
6338;Ossidi di Azoto;æg/mü;545;Motta Visconti v. De Gasperi;100;17/03/1998;45281956197427800,00;8988562726793250,00
6374;Ossidi di Azoto;æg/mü;571;Bormio v.Monte Braulio;1225;01/11/1993;4646952397132580,00;10375432759159000,00
5725;Ozono;æg/mü;528;Milano Verziere;116;20/09/1988;45463346740666500,00;9195324807668860,00
10019;Biossido di Azoto;æg/mü;685;Calusco d'Adda v. Caduti sul Lavoro;273;30/06/2006;4569042907854510,00;9484260927647790,00
20401;Benzene;æg/mü;571;Bormio v.Monte Braulio;1225;21/02/2017;4646952397132580,00;10375432759159000,00
12605;Benzo(a)pirene;ng/mü;655;Darfo Boario Terme v. De Amicis;221;17/04/2008;4587460210989040,00;1017735680898140,00
30163;Biossido di Azoto;æg/mü;669;Brescia Villaggio Sereno;70;13/12/2013;45513038818653800,00;1019194188877930,00
17162;Particelle sospese PM2.5;æg/mü;681;Moggio Loc. Penscei;1194;20/10/2012;4591278752030290,00;9497538167653420,00
5652;Biossido di Zolfo;æg/mü;558;Busto Arsizio  Accam;206;06/12/1998;45582894292717700,00;8842165456706070,00
6354;Ossidi di Azoto;æg/mü;548;Milano v.Senato;118;21/04/1995;45470499014097,00;9197460360112530,00
12676;Benzo(a)pirene;ng/mü;1264;Sondrio v.Paribelli;290;22/04/2008;46167852440665100,00;9879209924469900,00
6939;PM10 (SM2005);æg/mü;600;Lodi v.Vignati;80;05/12/2000;4530601298752380,00;948526286320174,00
10584;Ozono;æg/mü;1274;Perledo P.zza della stazione;212;01/09/2010;4601582830438380,00;9286409208680810,00
6665;Ozono;æg/mü;565;Cant— v.Meucci;369;17/01/2005;4573083672267430,00;9125734327022930,00
9991;Ozono;æg/mü;681;Moggio Loc. Penscei;1194;12/07/2006;4591278752030290,00;9497538167653420,00
17286;Biossido di Azoto;æg/mü;1374;Monza Parco;181;01/05/2013;4560123219955140,00;927507265782848,00
17290;PM10 (SM2005);æg/mü;1374;Monza Parco;181;15/02/2013;4560123219955140,00;927507265782848,00
17285;Ossidi di Azoto;æg/mü;1374;Monza Parco;181;01/05/2013;4560123219955140,00;927507265782848,00
17288;Ozono;æg/mü;1374;Monza Parco;181;09/02/2013;4560123219955140,00;927507265782848,00
12029;Particelle sospese PM2.5;æg/mü;706;Lecco v.Sora;272;31/12/2000;4586374884127960,00;9399950344681850,00
10035;Benzene;æg/mü;672;Cornale v.Libert…;74;02/02/2006;4504007657202960,00;8914144599002410,00
5721;Ozono;æg/mü;545;Motta Visconti v. De Gasperi;100;17/03/1998;45281956197427800,00;8988562726793250,00
5847;Monossido di Carbonio;mg/mü;558;Busto Arsizio  Accam;206;06/12/1998;45582894292717700,00;8842165456706070,00
6408;Ossidi di Azoto;æg/mü;626;Corte de' Cortesi con Cignone v. Villa Strada Forca;57;01/01/2002;4527848755478840,00;10006202391204300,00
6877;Biossido di Azoto;æg/mü;664;Mantova p.zza Gramsci;18;08/06/2004;45151743379576600,00;1078140770009560,00
6954;PM10 (SM2005);æg/mü;661;Rezzato v.De Gasperi;147;27/01/1997;4551570829484460,00;10336240422996500,00
9880;Monossido di Carbonio;mg/mü;674;Monza v.Machiavelli;162;21/10/2005;4558026348442240,00;9273573092713270,00
9740;PM10 (SM2005);æg/mü;604;Tavazzano con Villavesco v.Cascina Bagnolo;85;05/04/2005;4533036100181230,00;9414644726627260,00
10437;Ozono;æg/mü;1264;Sondrio v.Paribelli;290;04/01/2009;46167852440665100,00;9879209924469900,00
10457;Ossidi di Azoto;æg/mü;1266;Bertonico v.Moro;65;03/08/2009;4523349364130370,00;9666250375296030,00
5586;Biossido di Azoto;æg/mü;583;Bergamo v.Meucci;249;01/06/1989;4569103740547210,00;9643650579461380,00
5952;Ozono;æg/mü;626;Corte de' Cortesi con Cignone v. Villa Strada Forca;57;17/05/1996;4527848755478840,00;10006202391204300,00
9804;Ossidi di Azoto;æg/mü;670;Mantova S.Agnese;22;23/04/2006;4516056833010580,00;1079556411370790,00
9877;Biossido di Azoto;æg/mü;674;Monza v.Machiavelli;162;21/10/2005;4558026348442240,00;9273573092713270,00
12574;Particelle sospese PM2.5;æg/mü;693;Sannazzaro de' Burgondi v.Traversi;85;07/01/2013;4510276627684140,00;890417452771467,00
10327;Biossido di Zolfo;æg/mü;708;Parona v. della Miseria;112;15/08/2007;45281935610357900,00;8754334594539820,00
6288;Ossidi di Azoto;æg/mü;551;Arconate v. De Gasperi;182;20/01/1999;4554851735741950,00;8847321929216260,00
6382;Ossidi di Azoto;æg/mü;569;Sondrio v.Mazzini;307;01/11/1993;4616796681227830,00;987014407497457,00
5797;Monossido di Carbonio;mg/mü;565;Cant— v.Meucci;369;04/10/1993;4573083672267430,00;9125734327022930,00
5677;Biossido di Zolfo;æg/mü;564;Erba v. Battisti;279;13/06/2009;45808573806923000,00;9221779204488440,00
20005;BlackCarbon;æg/mü;548;Milano v.Senato;118;30/09/2013;45470499014097,00;9197460360112530,00
5844;Monossido di Carbonio;mg/mü;572;Morbegno v.Cortivacci;262;13/01/1999;46132282960003700,00;9566179893984470,00
9888;Monossido di Carbonio;mg/mü;583;Bergamo v.Meucci;249;11/03/2005;4569103740547210,00;9643650579461380,00
5807;Monossido di Carbonio;mg/mü;576;Merate v. Madonna di Loreto;279;24/12/1991;4569795198970240,00;9406190938686600,00
5662;Biossido di Zolfo;æg/mü;592;Treviglio p.zza Insurrezione;191;02/06/1991;4551933498138720,00;9592009994888420,00
