denominazione,latitudine,longitudine,provincia
Adrara San Martino,45.69953,9.947649,BG
Adrara San Rocco,45.7167222,9.9601666,BG
Albano Sant'Alessandro,45.6875194,9.7717114,BG
Albino,45.7583093,9.7968547,BG
Algua,45.8016634,9.7439994,BG
Almè,45.7370555,9.6153333,BG
Almenno San Bartolomeo,45.7487506,9.5796994,BG
Almenno San Salvatore,45.7512777,9.5973518,BG
Alzano Lombardo,45.737091,9.737192,BG
Ambivere,45.7206948,9.5509663,BG
Antegnate,45.4875185,9.7925,BG
Arcene,45.576574,9.6151666,BG
Ardesio,45.9384444,9.9323703,BG
Arzago d'Adda,45.4823518,9.5653333,BG
Averara,45.9892222,9.6317407,BG
Aviatico,45.7986111,9.7725,BG
Azzano San Paolo,45.6589074,9.6742407,BG
Azzone,45.979232,10.1118977,BG
Bagnatica,45.661895,9.7821945,BG
Barbata,45.4751472,9.7768538,BG
Bariano,45.5135966,9.7048798,BG
Barzana,45.736574,9.5684444,BG
Bedulita,45.7911999,9.552083,BG
Berbenno,45.8153124,9.5728816,BG
Bergamo,45.6947359,9.6687071,BG
Berzo San Fermo,45.7193409,9.9028646,BG
Bianzano,45.774074,9.9192222,BG
Blello,45.8365735,9.5758394,BG
Bolgare,45.6361111,9.8139074,BG
Boltiere,45.6018888,9.579537,BG
Bonate Sopra,45.682942,9.558614,BG
Bonate Sotto,45.6692407,9.5598703,BG
Borgo di Terzo,45.7207606,9.8941323,BG
Bossico,45.8275301,10.0444977,BG
Bottanuco,45.6406174,9.5034728,BG
Bracca,45.824537,9.7098518,BG
Branzi,46.0034754,9.7604953,BG
Brembate,45.6057962,9.5576666,BG
Brembate di Sopra,45.7176666,9.5806481,BG
Brembilla,45.81831,9.5993441,BG
Brignano Gera d'Adda,45.5475,9.6487592,BG
Brumano,45.8522989,9.5009756,BG
Brusaporto,45.6723576,9.762526,BG
Calcinate,45.6212592,9.8003148,BG
Calcio,45.5104814,9.8523518,BG
Calusco d'Adda,45.6923518,9.4737592,BG
Calvenzano,45.4978333,9.6025185,BG
Camerata Cornello,45.8997037,9.6575185,BG
Canonica d'Adda,45.5767407,9.5428333,BG
Capizzone,45.7854814,9.5689259,BG
Capriate San Gervasio,45.6083773,9.5279264,BG
Caprino Bergamasco,45.7462592,9.4828148,BG
Caravaggio,45.4973064,9.6439032,BG
Carobbio degli Angeli,45.6662777,9.8303333,BG
Carona,46.0240831,9.789957,BG
Carvico,45.7048703,9.4834629,BG
Casazza,45.7500397,9.9099333,BG
Casirate d'Adda,45.4978333,9.5673518,BG
Casnigo,45.815009,9.867569,BG
Cassiglio,45.9673184,9.6139779,BG
Castel Rozzone,45.5532962,9.6209444,BG
Castelli Calepio,45.638981,9.903907,BG
Castione della Presolana,45.9153148,10.0647037,BG
Castro,45.8039074,10.0681296,BG
Cavernago,45.6257297,9.7667878,BG
Cazzano Sant'Andrea,45.8136111,9.8859629,BG
Cenate Sopra,45.7133338,9.8240014,BG
Cenate Sotto,45.7000758,9.8275634,BG
Cene,45.7842222,9.826574,BG
Cerete,45.8682601,9.9955939,BG
Chignolo d'Isola,45.6686111,9.5287592,BG
Chiuduno,45.6517407,9.8506481,BG
Cisano Bergamasco,45.74248,9.470045,BG
Ciserano,45.5850647,9.6004656,BG
Cividate al Piano,45.5559629,9.832037,BG
Clusone,45.8881481,9.9507962,BG
Colere,45.9753333,10.0839259,BG
Cologno al Serio,45.5831481,9.7098518,BG
Colzate,45.8181296,9.8573703,BG
Comun Nuovo,45.6237777,9.6609629,BG
Corna Imagna,45.8314875,9.5461184,BG
Cornalba,45.8505661,9.7466378,BG
Cortenuova,45.5381829,9.790151,BG
Costa di Mezzate,45.6629814,9.795,BG
Costa Serina,45.9492157,9.7460304,BG
Costa Valle Imagna,45.8050359,9.503035,BG
Costa Volpino,45.8309629,10.0992222,BG
Covo,45.5012592,9.7723518,BG
Credaro,45.661574,9.9322037,BG
Curno,45.6907969,9.6102554,BG
Cusio,45.9908714,9.6038338,BG
Dalmine,45.6507828,9.6030335,BG
Dossena,45.8812592,9.6978148,BG
Endine Gaiano,45.7934444,9.9701666,BG
Entratico,45.7087592,9.8742222,BG
Fara Gera d'Adda,45.5567407,9.5389074,BG
Fara Olivana con Sola,45.4942622,9.7481169,BG
Filago,45.6386111,9.5575185,BG
Fino del Monte,45.8937777,9.9951666,BG
Fiorano al Serio,45.8012777,9.8439259,BG
Fontanella,45.4709629,9.8031481,BG
Fonteno,45.7573352,10.0189516,BG
Foppolo,46.0428148,9.7586111,BG
Foresto Sparso,45.6918888,9.9212777,BG
Fornovo San Giovanni,45.4987592,9.6797037,BG
Fuipiano Valle Imagna,45.8505999,9.5259708,BG
Gandellino,45.9898674,9.946402,BG
Gandino,45.8169881,9.8959724,BG
Gandosso,45.6629615,9.8870464,BG
Gaverina Terme,45.7567222,9.8878333,BG
Gazzaniga,45.7943888,9.8309629,BG
Gerosa,45.8507962,9.5706296,BG
Ghisalba,45.5957962,9.7603148,BG
Gorlago,45.675,9.824074,BG
Gorle,45.7012777,9.7139259,BG
Gorno,45.8634444,9.8426666,BG
Grassobbio,45.6578148,9.7267222,BG
Gromo,45.9650185,9.9281296,BG
Grone,45.7278157,9.9098626,BG
Grumello del Monte,45.6381296,9.8778148,BG
Isola di Fondra,45.979537,9.7484444,BG
Isso,45.4768588,9.7577085,BG
Lallio,45.6673518,9.6312777,BG
Leffe,45.8017407,9.886574,BG
Lenna,45.9434444,9.6778148,BG
Levate,45.6262777,9.6253333,BG
Locatello,45.8362777,9.5351666,BG
Lovere,45.810264,10.0690146,BG
Lurano,45.5623859,9.640706,BG
Luzzana,45.7172037,9.8842222,BG
Madone,45.6506789,9.549462,BG
Mapello,45.708855,9.547851,BG
Martinengo,45.574074,9.7681296,BG
Medolago,45.669537,9.4967222,BG
Mezzoldo,46.013518,9.664873,BG
Misano di Gera d'Adda,45.4720555,9.6236111,BG
Moio de' Calvi,45.9531258,9.7002548,BG
Monasterolo del Castello,45.7642407,9.9328333,BG
Montello,45.6731481,9.8067222,BG
Morengo,45.5325185,9.7070555,BG
Mornico al Serio,45.5923518,9.8103148,BG
Mozzanica,45.4764264,9.6924635,BG
Mozzo,45.6939187,9.605864,BG
Nembro,45.7434484,9.7593672,BG
Olmo al Brembo,45.9720116,9.6492479,BG
Oltre il Colle,45.8904814,9.7703148,BG
Oltressenda Alta,45.9162777,9.9459444,BG
Oneta,45.8725185,9.8204814,BG
Onore,45.8906164,10.0099566,BG
Orio al Serio,45.6743652,9.6898847,BG
Ornica,45.9883421,9.5791076,BG
Osio Sopra,45.63,9.5857962,BG
Osio Sotto,45.616052,9.5902872,BG
Pagazzano,45.5353333,9.6723703,BG
Paladina,45.73175,9.6070779,BG
Palazzago,45.7530235,9.5334443,BG
Palosco,45.587682,9.836002,BG
Parre,45.8724039,9.8880749,BG
Parzanica,45.7381634,10.0364361,BG
Pedrengo,45.6970555,9.7361111,BG
Peia,45.801923,9.89977,BG
Pianico,45.8109629,10.0442407,BG
Piario,45.896033,9.9243919,BG
Piazza Brembana,45.9476666,9.6751666,BG
Piazzatorre,45.9934487,9.6939899,BG
Piazzolo,45.9791775,9.6707356,BG
Pognano,45.5873518,9.6411111,BG
Ponte Nossa,45.8668468,9.883967,BG
Ponte San Pietro,45.6973703,9.5859444,BG
Ponteranica,45.7334444,9.6528148,BG
Pontida,45.7332472,9.4983434,BG
Pontirolo Nuovo,45.5701666,9.5704814,BG
Pradalunga,45.7468888,9.7834629,BG
Predore,45.6817222,10.0154814,BG
Premolo,45.8712777,9.8757962,BG
Presezzo,45.6931481,9.5714074,BG
Pumenengo,45.4803379,9.8705949,BG
Ranica,45.7242222,9.7145555,BG
Ranzanico,45.7893888,9.9362777,BG
Riva di Solto,45.7779814,10.0447037,BG
Rogno,45.8575,10.1332962,BG
Romano di Lombardia,45.5215349,9.7536133,BG
Roncobello,45.95637,9.7487739,BG
Roncola,45.7697037,9.5617222,BG
Rota d'Imagna,45.831722,9.5124529,BG
Rovetta,45.8939074,9.984537,BG
San Giovanni Bianco,45.8748518,9.654537,BG
San Paolo d'Argon,45.6893888,9.8034629,BG
San Pellegrino Terme,45.8394554,9.6652519,BG
Santa Brigida,45.9859629,9.6223703,BG
Sant'Omobono Terme,45.809413,9.536558,BG
Sarnico,45.6676684,9.958184,BG
Scanzorosciate,45.7117222,9.7362777,BG
Schilpario,46.0087981,10.1587556,BG
Sedrina,45.7828333,9.6251666,BG
Selvino,45.782124,9.7534379,BG
Seriate,45.6855235,9.7219666,BG
Serina,45.8725,9.7323518,BG
Solto Collina,45.7845555,10.0287592,BG
Solza,45.6790929,9.4904675,BG
Songavazzo,45.880458,9.988462,BG
Sorisole,45.7451923,9.6625477,BG
Sotto il Monte Giovanni XXIII,45.7067407,9.504537,BG
Sovere,45.8153333,10.029537,BG
Spinone al Lago,45.7683289,9.9257073,BG
Spirano,45.5831481,9.6700185,BG
Stezzano,45.651741,9.652113,BG
Strozza,45.774074,9.5786111,BG
Suisio,45.6585285,9.5012192,BG
Taleggio,45.8943888,9.5659444,BG
Tavernola Bergamasca,45.7103148,10.0473518,BG
Telgate,45.6298518,9.8528333,BG
Terno d'Isola,45.6864074,9.532037,BG
Torre Boldone,45.7151666,9.7112592,BG
Torre de' Roveri,45.7002132,9.7725938,BG
Torre Pallavicina,45.4473518,9.8781296,BG
Trescore Balneario,45.694913,9.846543,BG
Treviglio,45.5214345,9.5896785,BG
Treviolo,45.6747037,9.6131481,BG
Ubiale Clanezzo,45.7833368,9.6183085,BG
Urgnano,45.601574,9.6948518,BG
Valbondione,46.037883,10.013161,BG
Valbrembo,45.719537,9.6101666,BG
Valgoglio,45.9741169,9.9121319,BG
Valleve,46.0271078,9.7432538,BG
Valnegra,45.95,9.6904814,BG
Valsecca,45.8282962,9.4964074,BG
Valtorta,45.9775624,9.5326645,BG
Vedeseta,45.8911662,9.5398583,BG
Verdellino,45.602037,9.6092407,BG
Verdello,45.6057962,9.63,BG
Vertova,45.8114259,9.8543888,BG
Viadanica,45.6856296,9.9625,BG
Vigano San Martino,45.727037,9.8973703,BG
Vigolo,45.7178227,10.0355772,BG
Villa d'Adda,45.7150185,9.4628333,BG
Villa d'Almè,45.7508592,9.6158547,BG
Villa di Serio,45.7251666,9.7373703,BG
Villa d'Ogna,45.9056296,9.9320555,BG
Villongo,45.6689259,9.9309629,BG
Vilminore di Scalve,45.9987571,10.0951451,BG
Zandobbio,45.6883768,9.8524832,BG
Zanica,45.6403849,9.6846108,BG
Zogno,45.7928148,9.6573703,BG
Acquafredda,45.306205,10.415578,BS
Adro,45.621823,9.957437,BS
Agnosine,45.6507724,10.3521126,BS
Alfianello,45.2679814,10.1492222,BS
Anfo,45.7673518,10.4948518,BS
Angolo Terme,45.8921682,10.1444826,BS
Artogne,45.8496063,10.1652335,BS
Azzano Mella,45.4556481,10.1182962,BS
Bagnolo Mella,45.4297186,10.1861544,BS
Bagolino,45.8262777,10.4606481,BS
Barbariga,45.4061111,10.0554814,BS
Barghe,45.6794387,10.4096317,BS
Bassano Bresciano,45.327288,10.125638,BS
Bedizzole,45.5117305,10.4246053,BS
Berlingo,45.502611,10.044326,BS
Berzo Demo,46.092941,10.3317481,BS
Berzo Inferiore,45.9320555,10.2807962,BS
Bienno,45.9367222,10.2945555,BS
Bione,45.6734207,10.3402991,BS
Borgo San Giacomo,45.3479814,9.969537,BS
Borgosatollo,45.4817222,10.2422037,BS
Borno,45.9461485,10.1998243,BS
Botticino,45.5370555,10.3029814,BS
Bovegno,45.7937715,10.2736284,BS
Bovezzo,45.5925185,10.2423518,BS
Brandico,45.4551666,10.0537592,BS
Braone,45.989179,10.342559,BS
Breno,45.9554634,10.3018645,BS
Brescia,45.5397733,10.222939,BS
Brione,45.6432033,10.1495294,BS
Caino,45.6103447,10.3142316,BS
Calcinato,45.4581296,10.4147037,BS
Calvagese della Riviera,45.5416073,10.4462049,BS
Calvisano,45.3492407,10.3461111,BS
Capo di Ponte,46.0302983,10.3424532,BS
Capovalle,45.7539899,10.5442773,BS
Capriano del Colle,45.454272,10.128892,BS
Capriolo,45.6389288,9.9339367,BS
Carpenedolo,45.3630471,10.4299525,BS
Castegnato,45.5612777,10.115,BS
Castel Mella,45.4962271,10.141694,BS
Castelcovati,45.5026124,9.9468783,BS
Castenedolo,45.4704814,10.2967222,BS
Casto,45.6955827,10.3205572,BS
Castrezzato,45.5123703,9.9820555,BS
Cazzago San Martino,45.5964753,10.0421303,BS
Cedegolo,46.0774492,10.3486491,BS
Cellatica,45.5829814,10.1812592,BS
Cerveno,46.0037395,10.3242473,BS
Ceto,46.0030836,10.3514843,BS
Cevo,46.079979,10.37184,BS
Chiari,45.538233,9.9301633,BS
Cigole,45.3100684,10.1904247,BS
Cimbergo,46.025,10.365582,BS
Cividate Camuno,45.9434444,10.2786111,BS
Coccaglio,45.5656481,9.9753148,BS
Collebeato,45.5822037,10.2112592,BS
Collio,45.810041,10.3342144,BS
Cologne,45.5823518,9.9425185,BS
Comezzano-Cizzago,45.4723703,9.9512777,BS
Concesio,45.6064881,10.2155129,BS
Corte Franca,45.6310252,9.989232,BS
Corteno Golgi,46.1657984,10.2409807,BS
Corzano,45.4448703,10.0084444,BS
Darfo Boario Terme,45.8801464,10.1825558,BS
Dello,45.4212034,10.0783018,BS
Desenzano del Garda,45.4688815,10.5349579,BS
Edolo,46.1792407,10.3303333,BS
Erbusco,45.5974176,9.9718281,BS
Esine,45.925427,10.250954,BS
Fiesse,45.2325158,10.3253955,BS
Flero,45.4836111,10.174537,BS
Gambara,45.2562592,10.294537,BS
Gardone Riviera,45.6223329,10.5624754,BS
Gardone Val Trompia,45.6882948,10.1857787,BS
Gargnano,45.6887253,10.6624302,BS
Gavardo,45.585635,10.441316,BS
Ghedi,45.4026465,10.2747625,BS
Gianico,45.8651297,10.1820471,BS
Gottolengo,45.292968,10.27105,BS
Gussago,45.5927767,10.1538508,BS
Idro,45.736055,10.465146,BS
Incudine,46.2212592,10.3598518,BS
Irma,45.7711857,10.2849881,BS
Iseo,45.6595182,10.0474641,BS
Isorella,45.3092222,10.3234629,BS
Lavenone,45.7399296,10.4393139,BS
Leno,45.3668461,10.2184652,BS
Limone sul Garda,45.814678,10.79322,BS
Lodrino,45.7197364,10.2768305,BS
Lograto,45.4852707,10.0542588,BS
Lonato del Garda,45.4609346,10.4845182,BS
Longhena,45.4387777,10.0607962,BS
Losine,45.9842123,10.3175027,BS
Lozio,45.9857109,10.2605148,BS
Lumezzane,45.6496313,10.2618342,BS
Maclodio,45.4787592,10.0432962,BS
Magasa,45.7823518,10.617037,BS
Mairano,45.4501666,10.0806296,BS
Malegno,45.9514792,10.2706891,BS
Malonno,46.118085,10.312204,BS
Manerba del Garda,45.5495256,10.5528538,BS
Manerbio,45.3551276,10.1418934,BS
Marcheno,45.704848,10.2111194,BS
Marmentino,45.7557449,10.2859128,BS
Marone,45.7375511,10.0940102,BS
Mazzano,45.5211111,10.3550185,BS
Milzano,45.274537,10.2003148,BS
Moniga del Garda,45.5276192,10.5396969,BS
Monno,46.2121544,10.3408056,BS
Monte Isola,45.7172183,10.0809521,BS
Monticelli Brusati,45.6358101,10.1014323,BS
Montichiari,45.41182,10.3928288,BS
Montirone,45.4473518,10.2298518,BS
Mura,45.7142222,10.3437592,BS
Muscoline,45.5634444,10.4629814,BS
Nave,45.5859221,10.2882361,BS
Niardo,45.9770555,10.3343888,BS
Nuvolento,45.5467222,10.3878148,BS
Nuvolera,45.5331296,10.3703333,BS
Odolo,45.6462777,10.3847037,BS
Offlaga,45.3872037,10.116574,BS
Ome,45.6266378,10.1229082,BS
Ono San Pietro,46.0168563,10.3259278,BS
Orzinuovi,45.4019305,9.9243023,BS
Orzivecchi,45.421574,9.9643888,BS
Ospitaletto,45.5550185,10.0807962,BS
Ossimo,45.9458377,10.2293652,BS
Padenghe sul Garda,45.5106481,10.5075185,BS
Paderno Franciacorta,45.5870576,10.0790014,BS
Paisco Loveno,46.0786317,10.2924971,BS
Paitone,45.5518887,10.4028031,BS
Palazzolo sull'Oglio,45.5996,9.8848635,BS
Paratico,45.6549643,9.9569823,BS
Paspardo,46.0311106,10.3704674,BS
Passirano,45.5997037,10.0678333,BS
Pavone del Mella,45.302497,10.210603,BS
Pertica Alta,45.7434629,10.3453333,BS
Pertica Bassa,45.7543888,10.3736111,BS
Pezzaze,45.7773854,10.2370357,BS
Pian Camuno,45.8443405,10.1578396,BS
Piancogno,45.9206385,10.2267068,BS
Pisogne,45.8046399,10.1085662,BS
Polaveno,45.6625185,10.125,BS
Polpenazze del Garda,45.5522037,10.5059444,BS
Pompiano,45.4329814,9.9903148,BS
Poncarale,45.4620555,10.1778148,BS
Ponte di Legno,46.2595289,10.5098513,BS
Pontevico,45.2716459,10.0858613,BS
Pontoglio,45.570819,9.8541716,BS
Pozzolengo,45.40318,10.627185,BS
Pralboino,45.2671104,10.2183258,BS
Preseglie,45.6694557,10.3918794,BS
Prestine,45.9295445,10.310632,BS
Prevalle,45.5523518,10.4231296,BS
Provaglio d'Iseo,45.6364259,10.0457962,BS
Provaglio Val Sabbia,45.6897331,10.4341695,BS
Puegnago sul Garda,45.5679187,10.5098146,BS
Quinzano d'Oglio,45.3118888,10.0097037,BS
Remedello,45.2794002,10.3731463,BS
Rezzato,45.5144175,10.3168489,BS
Roccafranca,45.4653148,9.9156481,BS
Rodengo,45.6012367,10.1082967,BS
Roè Volciano,45.6129199,10.4904991,BS
Roncadelle,45.5220946,10.1496976,BS
Rovato,45.5682477,9.9999853,BS
Rudiano,45.489537,9.8881296,BS
Sabbio Chiese,45.6625752,10.4192856,BS
Sale Marasino,45.7042482,10.1140654,BS
Salò,45.6070039,10.522309,BS
San Felice del Benaco,45.5901937,10.5510592,BS
San Gervasio Bresciano,45.3084629,10.1498703,BS
San Paolo,45.371574,10.0278148,BS
San Zeno Naviglio,45.4898825,10.2168101,BS
Sarezzo,45.6536712,10.2037202,BS
Saviore dell'Adamello,46.0796826,10.4006626,BS
Sellero,46.056646,10.3432804,BS
Seniga,45.2437777,10.179074,BS
Serle,45.5730012,10.3661246,BS
Sirmione,45.4924749,10.608063,BS
Soiano del Lago,45.5287592,10.5137592,BS
Sonico,46.1664074,10.3539074,BS
Sulzano,45.689927,10.1003339,BS
Tavernole sul Mella,45.747177,10.2404181,BS
Temù,46.2489598,10.4690035,BS
Tignale,45.739735,10.721672,BS
Torbole Casaglia,45.5136111,10.116574,BS
Toscolano-Maderno,45.6354814,10.6095555,BS
Travagliato,45.5233561,10.0789996,BS
Tremosine,45.7724056,10.759055,BS
Trenzano,45.4782962,10.0117222,BS
Treviso Bresciano,45.7127933,10.4616761,BS
Urago d'Oglio,45.5170555,9.8707962,BS
Vallio Terme,45.6103614,10.3959841,BS
Valvestino,45.7586516,10.5819532,BS
Verolanuova,45.3292407,10.0770555,BS
Verolavecchia,45.3281481,10.0582962,BS
Vestone,45.7089506,10.4005828,BS
Vezza d'Oglio,46.240151,10.39813,BS
Villa Carcina,45.6333923,10.191725,BS
Villachiara,45.3564259,9.932037,BS
Villanuova sul Clisi,45.6013292,10.4539388,BS
Vione,46.2485768,10.4479226,BS
Visano,45.3193888,10.3734444,BS
Vobarno,45.6423488,10.5009306,BS
Zone,45.7611993,10.1168278,BS
Albavilla,45.8014405,9.1862689,CO
Albese con Cassano,45.7959629,9.1648703,CO
Albiolo,45.806574,8.9403148,CO
Alserio,45.7798518,9.2012592,CO
Alzate Brianza,45.7707962,9.1831296,CO
Anzano del Parco,45.7695555,9.196574,CO
Appiano Gentile,45.7386111,8.9798518,CO
Argegno,45.9439074,9.1267222,CO
Arosio,45.7179814,9.2092407,CO
Asso,45.8622705,9.2708503,CO
Barni,45.9123603,9.266264,CO
Bellagio,45.9877495,9.2619766,CO
Bene Lario,46.029367,9.1850778,CO
Beregazzo con Figliaro,45.7815252,8.9449699,CO
Binago,45.7831296,8.9234444,CO
Bizzarone,45.8353333,8.9439259,CO
Blessagno,45.9600172,9.0981523,CO
Blevio,45.8431296,9.1062592,CO
Bregnano,45.6987364,9.0604922,CO
Brenna,45.7439074,9.1882962,CO
Brienno,45.9101666,9.1314259,CO
Brunate,45.8201762,9.0960433,CO
Bulgarograsso,45.7481481,9.0075,CO
Cabiate,45.6751666,9.1748518,CO
Cadorago,45.7262709,9.038025,CO
Caglio,45.8734629,9.2400185,CO
Cagno,45.812037,8.9184444,CO
Campione d'Italia,45.9693769,8.9706472,CO
Cantù,45.739505,9.129394,CO
Canzo,45.8507126,9.2742196,CO
Capiago Intimiano,45.773067,9.122753,CO
Carate Urio,45.8728333,9.1232962,CO
Carbonate,45.686023,8.936576,CO
Carimate,45.7039074,9.1117222,CO
Carlazzo,46.0491766,9.1592696,CO
Carugo,45.7095555,9.1979814,CO
Casasco d'Intelvi,45.9447037,9.0768888,CO
Caslino d'Erba,45.8397037,9.2325,CO
Casnate con Bernate,45.762179,9.0755218,CO
Cassina Rizzardi,45.7525827,9.0256282,CO
Castelmarte,45.8334629,9.2342407,CO
Castelnuovo Bozzente,45.7656481,8.9447037,CO
Castiglione d'Intelvi,45.9561111,9.0917222,CO
Cavallasca,45.8128079,9.032268,CO
Cavargna,46.09059,9.1127408,CO
Cerano d'Intelvi,45.9434736,9.0877042,CO
Cermenate,45.7039259,9.0870555,CO
Cernobbio,45.8409317,9.0762676,CO
Cirimido,45.7007962,9.0137777,CO
Civenna,45.9408026,9.2716331,CO
Claino con Osteno,46.0073553,9.0827773,CO
Colonno,45.9584258,9.1543859,CO
Como,45.8119642,9.0854556,CO
Consiglio di Rumo,46.1439074,9.2945555,CO
Corrido,46.0486111,9.1367407,CO
Cremia,46.0875185,9.2723703,CO
Cucciago,45.7403333,9.094074,CO
Cusino,46.0759629,9.1537592,CO
Dizzasco,45.9448703,9.1009629,CO
Domaso,46.1533852,9.3322789,CO
Dongo,46.1229865,9.2792045,CO
Dosso del Liro,46.1642922,9.2750238,CO
Drezzo,45.8162592,8.9959444,CO
Erba,45.8122114,9.2239792,CO
Eupilio,45.8190579,9.2709446,CO
Faggeto Lario,45.8598703,9.16,CO
Faloppio,45.8106296,8.9654814,CO
Fenegrò,45.7025,9.0007962,CO
Figino Serenza,45.7114074,9.1323703,CO
Fino Mornasco,45.7439259,9.0487592,CO
Garzeno,46.1346804,9.2442141,CO
Gera Lario,46.1720555,9.3687592,CO
Germasino,46.1362001,9.2643755,CO
Gironico,45.8011539,9.0033037,CO
Grandate,45.7737455,9.0623482,CO
Grandola ed Uniti,46.0259629,9.2139259,CO
Gravedona,46.1460409,9.3052032,CO
Griante,45.9945506,9.235051,CO
Guanzate,45.7275259,9.0219372,CO
Inverigo,45.7381296,9.2189259,CO
Laglio,45.8887777,9.1425,CO
Laino,45.9855303,9.0759022,CO
Lambrugo,45.7598703,9.2406296,CO
Lanzo d'Intelvi,45.9848518,9.0272037,CO
Lasnigo,45.8829814,9.2675,CO
Lenno,45.9739074,9.1920555,CO
Lezzeno,45.9457643,9.1902403,CO
Limido Comasco,45.6901666,8.9809444,CO
Lipomo,45.7939259,9.1214259,CO
Livo,46.1699196,9.3049949,CO
Locate Varesino,45.691463,8.930966,CO
Lomazzo,45.7001666,9.0354814,CO
Longone al Segrino,45.8153333,9.2525,CO
Luisago,45.7629919,9.0362868,CO
Lurago d'Erba,45.7528333,9.2209629,CO
Lurago Marinone,45.7067222,8.9825185,CO
Lurate Caccivio,45.7674778,9.0021587,CO
Magreglio,45.92016,9.2616808,CO
Mariano Comense,45.6973179,9.1786964,CO
Maslianico,45.8464909,9.0476097,CO
Menaggio,46.020776,9.2389377,CO
Merone,45.7881296,9.2451666,CO
Mezzegra,45.9827165,9.2063453,CO
Moltrasio,45.8609444,9.099537,CO
Monguzzo,45.7813044,9.2314242,CO
Montano Lucino,45.7849683,9.0432327,CO
Montemezzo,46.1798703,9.372037,CO
Montorfano,45.7862933,9.1460496,CO
Mozzate,45.6731296,8.9564259,CO
Musso,46.1122037,9.2757962,CO
Nesso,45.9134629,9.1578148,CO
Novedrate,45.699074,9.1218888,CO
Olgiate Comasco,45.7853507,8.9693401,CO
Oltrona di San Mamette,45.7570555,8.979074,CO
Orsenigo,45.7784629,9.1828148,CO
Ossuccio,45.9675056,9.1809411,CO
Parè,45.8118888,9.0098518,CO
Peglio,46.1606195,9.2959186,CO
Pellio Intelvi,45.9807096,9.0597793,CO
Pianello del Lario,46.1037592,9.2781481,CO
Pigra,45.9570797,9.126957,CO
Plesio,46.051832,9.2309295,CO
Pognana Lario,45.8794571,9.1586521,CO
Ponna,45.9900975,9.0939314,CO
Ponte Lambro,45.8275,9.226574,CO
Porlezza,46.0393888,9.1309444,CO
Proserpio,45.8277545,9.2489364,CO
Pusiano,45.8148518,9.2829814,CO
Ramponio Verna,45.9979814,9.0675185,CO
Rezzago,45.8677606,9.2512251,CO
Rodero,45.8250185,8.9164259,CO
Ronago,45.8332962,8.9848703,CO
Rovellasca,45.6654814,9.0523703,CO
Rovello Porro,45.6561111,9.041574,CO
Sala Comacina,45.9651666,9.1672037,CO
San Bartolomeo Val Cavargna,46.082561,9.148104,CO
San Fedele Intelvi,45.9687777,9.0818888,CO
San Fermo della Battaglia,45.810974,9.044241,CO
San Nazzaro Val Cavargna,46.0897733,9.1279061,CO
San Siro,46.0657962,9.2687592,CO
Schignano,45.9307962,9.1032962,CO
Senna Comasco,45.7639074,9.1122037,CO
Solbiate,45.7906296,8.9342222,CO
Sorico,46.1736111,9.3851666,CO
Sormano,45.8787592,9.2498518,CO
Stazzona,46.1396874,9.2765703,CO
Tavernerio,45.8017407,9.1417407,CO
Torno,45.8561061,9.1165619,CO
Tremezzo,45.9845555,9.2197037,CO
Trezzone,46.1725,9.3529814,CO
Turate,45.6582962,9.0053148,CO
Uggiate-Trevano,45.8243888,8.9607962,CO
Val Rezzo,46.072251,9.110591,CO
Valbrona,45.8784629,9.3000185,CO
Valmorea,45.8162777,8.9317222,CO
Valsolda,46.0249542,9.0543055,CO
Veleso,45.9083599,9.1817247,CO
Veniano,45.7209941,8.9903139,CO
Vercana,46.1602487,9.3353129,CO
Vertemate con Minoprio,45.725667,9.073066,CO
Villa Guardia,45.7775185,9.0278333,CO
Zelbio,45.9054433,9.1804132,CO
Acquanegra Cremonese,45.168271,9.890046,CR
Agnadello,45.4453148,9.5581296,CR
Annicco,45.2456481,9.8806481,CR
Azzanello,45.3150185,9.9207962,CR
Bagnolo Cremasco,45.3622037,9.614074,CR
Bonemerse,45.1147037,10.0786111,CR
Bordolano,45.2934159,9.9877002,CR
Ca' d'Andrea,45.119658,10.2773143,CR
Calvatone,45.129537,10.4423518,CR
Camisano,45.443893,9.744039,CR
Campagnola Cremasca,45.3996873,9.6703317,CR
Capergnanica,45.3386111,9.6445555,CR
Cappella Cantone,45.2475158,9.8393901,CR
Cappella de' Picenardi,45.1595212,10.231117,CR
Capralba,45.445,9.6443888,CR
Casalbuttano ed Uniti,45.2528148,9.9628333,CR
Casale Cremasco-Vidolasco,45.4328148,9.7153333,CR
Casaletto Ceredano,45.318144,9.6191624,CR
Casaletto di Sopra,45.4198936,9.7822673,CR
Casaletto Vaprio,45.4092407,9.6298518,CR
Casalmaggiore,44.9860167,10.4151026,CR
Casalmorano,45.2873518,9.9007962,CR
Castel Gabbiano,45.4693229,9.7164146,CR
Casteldidone,45.0704814,10.4073518,CR
Castelleone,45.2948518,9.7628333,CR
Castelverde,45.1898703,9.9967407,CR
Castelvisconti,45.3064335,9.9421768,CR
Cella Dati,45.0962592,10.2225,CR
Chieve,45.3414074,9.6175,CR
Cicognolo,45.1656481,10.1956296,CR
Cingia de' Botti,45.086084,10.275025,CR
Corte de' Cortesi con Cignone,45.27145,10.007884,CR
Corte de' Frati,45.21993,10.096343,CR
Credera Rubbiano,45.3042222,9.6572037,CR
Crema,45.361839,9.683226,CR
Cremona,45.1334974,10.026135,CR
Cremosano,45.3956296,9.6393888,CR
Crotta d'Adda,45.1592222,9.8575,CR
Cumignano sul Naviglio,45.3567222,9.8359629,CR
Derovere,45.1109444,10.249074,CR
Dovera,45.3662592,9.5425185,CR
Drizzona,45.1417773,10.3497806,CR
Fiesco,45.3384629,9.7789074,CR
Formigara,45.2221666,9.7686733,CR
Gabbioneta-Binanuova,45.2173703,10.2214259,CR
Gadesco-Pieve Delmona,45.1574877,10.1160812,CR
Genivolta,45.3336111,9.8784629,CR
Gerre de' Caprioli,45.1046947,10.04057,CR
Gombito,45.261317,9.729954,CR
Grontardo,45.2028148,10.1518888,CR
Grumello Cremonese ed Uniti,45.194074,9.8670555,CR
Gussola,45.014074,10.3475185,CR
Isola Dovarese,45.1753333,10.3122037,CR
Izano,45.3570555,9.7512592,CR
Madignano,45.3467407,9.7243888,CR
Malagnino,45.134818,10.1153093,CR
Martignana di Po,45.012037,10.3809629,CR
Monte Cremasco,45.3756481,9.5725185,CR
Montodine,45.2862777,9.7084629,CR
Moscazzano,45.2932962,9.684537,CR
Motta Baluffi,45.057037,10.2578148,CR
Offanengo,45.3798518,9.7434444,CR
Olmeneta,45.236123,10.021224,CR
Ostiano,45.2217222,10.2531296,CR
Paderno Ponchielli,45.2396012,9.9303312,CR
Palazzo Pignano,45.3911111,9.5706296,CR
Pandino,45.4053645,9.5530187,CR
Persico Dosimo,45.16833,10.07888,CR
Pescarolo ed Uniti,45.1948518,10.1875,CR
Pessina Cremonese,45.1864074,10.2498703,CR
Piadena,45.128247,10.37016,CR
Pianengo,45.4031296,9.6959629,CR
Pieranica,45.4256445,9.6075077,CR
Pieve d'Olmi,45.0893481,10.1242176,CR
Pieve San Giacomo,45.1312592,10.1873518,CR
Pizzighettone,45.19,9.7909444,CR
Pozzaglio ed Uniti,45.2012592,10.0517407,CR
Quintano,45.419826,9.6156913,CR
Ricengo,45.4067407,9.725,CR
Ripalta Arpina,45.3022686,9.7291447,CR
Ripalta Cremasca,45.3334446,9.6932671,CR
Ripalta Guerina,45.3061419,9.7050368,CR
Rivarolo del Re ed Uniti,45.0289074,10.4709629,CR
Rivolta d'Adda,45.4712777,9.5125,CR
Robecco d'Oglio,45.2603148,10.0776666,CR
Romanengo,45.3784629,9.7828333,CR
Salvirola,45.3547822,9.7807,CR
San Bassano,45.2434629,9.8081481,CR
San Daniele Po,45.06411,10.18071,CR
San Giovanni in Croce,45.0786754,10.3752428,CR
San Martino del Lago,45.0715744,10.3145027,CR
Scandolara Ravara,45.0512513,10.3026092,CR
Scandolara Ripa d'Oglio,45.221541,10.160515,CR
Sergnano,45.4298518,9.7028333,CR
Sesto ed Uniti,45.1775185,9.9151666,CR
Solarolo Rainerio,45.0825,10.3573518,CR
Soncino,45.4011111,9.8709629,CR
Soresina,45.2875185,9.8581481,CR
Sospiro,45.109537,10.1587592,CR
Spinadesco,45.1501666,9.9275185,CR
Spineda,45.0611111,10.5159444,CR
Spino d'Adda,45.3998518,9.4934629,CR
Stagno Lombardo,45.0742222,10.089074,CR
Ticengo,45.3703849,9.8282678,CR
Torlino Vimercati,45.4184444,9.5959629,CR
Tornata,45.1038624,10.4304996,CR
Torre de' Picenardi,45.143287,10.286593,CR
Torricella del Pizzo,45.0200185,10.297037,CR
Trescore Cremasco,45.4025,9.6261111,CR
Trigolo,45.3309444,9.8159444,CR
Vaiano Cremasco,45.3738667,9.5903982,CR
Vailate,45.46418,9.6053888,CR
Vescovato,45.1761111,10.1656296,CR
Volongo,45.2128148,10.3025185,CR
Voltido,45.1110872,10.3339716,CR
Abbadia Lariana,45.9005094,9.334459,LC
Airuno,45.7548518,9.4253148,LC
Annone di Brianza,45.8039259,9.331574,LC
Ballabio,45.8992398,9.4245225,LC
Barzago,45.7564074,9.3153148,LC
Barzanò,45.7348964,9.3162542,LC
Barzio,45.9445555,9.4681481,LC
Bellano,46.041527,9.303487,LC
Bosisio Parini,45.8020242,9.2887953,LC
Brivio,45.742866,9.443728,LC
Bulciago,45.751574,9.2864074,LC
Calco,45.7251666,9.4137777,LC
Calolziocorte,45.8009926,9.4324541,LC
Carenno,45.801971,9.4604867,LC
Casargo,46.0375185,9.3864074,LC
Casatenovo,45.6970616,9.3122719,LC
Cassago Brianza,45.739074,9.294537,LC
Cassina Valsassina,45.9331481,9.48,LC
Castello di Brianza,45.7594775,9.3447678,LC
Cernusco Lombardone,45.6918888,9.4003148,LC
Cesana Brianza,45.8192585,9.3014841,LC
Civate,45.827436,9.3422086,LC
Colico,46.135636,9.371293,LC
Colle Brianza,45.7634813,9.3654777,LC
Cortenova,46.0014272,9.3850256,LC
Costa Masnaga,45.767554,9.2784969,LC
Crandola Valsassina,46.0225866,9.3788309,LC
Cremella,45.739537,9.3017222,LC
Cremeno,45.9388258,9.4731833,LC
Dervio,46.0770529,9.3057865,LC
Dolzago,45.7679814,9.3404814,LC
Dorio,46.102739,9.319301,LC
Ello,45.7867407,9.3664074,LC
Erve,45.8223481,9.4533382,LC
Esino Lario,45.995341,9.33595,LC
Galbiate,45.8174552,9.3753524,LC
Garbagnate Monastero,45.7743888,9.3025,LC
Garlate,45.8131481,9.4007962,LC
Imbersago,45.7068888,9.4456481,LC
Introbio,45.973751,9.450344,LC
Introzzo,46.0820921,9.3412835,LC
Lecco,45.8529825,9.3900705,LC
Lierna,45.9604814,9.3067222,LC
Lomagna,45.67049,9.375202,LC
Malgrate,45.8487777,9.3781296,LC
Mandello del Lario,45.9175947,9.3200169,LC
Margno,46.0320555,9.3828333,LC
Merate,45.6988997,9.4141219,LC
Missaglia,45.707244,9.337596,LC
Moggio,45.932561,9.485362,LC
Molteno,45.778262,9.306743,LC
Monte Marenzo,45.7717222,9.4557962,LC
Montevecchia,45.705329,9.3804235,LC
Monticello Brianza,45.7104814,9.3167222,LC
Morterone,45.873902,9.4826785,LC
Nibionno,45.7469276,9.2697677,LC
Oggiono,45.7900235,9.3454021,LC
Olgiate Molgora,45.7284055,9.4009295,LC
Olginate,45.794057,9.413805,LC
Oliveto Lario,45.9307104,9.2848549,LC
Osnago,45.6843308,9.3952344,LC
Paderno d'Adda,45.6809629,9.4462592,LC
Pagnona,46.0606296,9.4039259,LC
Parlasco,46.01873,9.3455704,LC
Pasturo,45.952227,9.4449835,LC
Perego,45.7386111,9.364074,LC
Perledo,46.0173703,9.2942222,LC
Pescate,45.83425,9.3939396,LC
Premana,46.0529636,9.4208688,LC
Primaluna,45.9848703,9.4387592,LC
Robbiate,45.6925185,9.4379814,LC
Rogeno,45.7834629,9.2751666,LC
Rovagnate,45.737448,9.371573,LC
Santa Maria Hoè,45.7453333,9.3756481,LC
Sirone,45.772382,9.321361,LC
Sirtori,45.7375,9.3320555,LC
Sueglio,46.0867222,9.3348518,LC
Suello,45.818858,9.309598,LC
Taceno,46.025275,9.3641371,LC
Torre de' Busi,45.775,9.4814259,LC
Tremenico,46.0775185,9.3673703,LC
Valgreghentino,45.7803826,9.414435,LC
Valmadrera,45.8480239,9.3584732,LC
Varenna,46.0099677,9.2836902,LC
Vendrogno,46.0347267,9.3287835,LC
Vercurago,45.8114074,9.4253333,LC
Verderio Inferiore,45.6629591,9.4356829,LC
Verderio Superiore,45.6687592,9.4414074,LC
Vestreno,46.0842187,9.3259855,LC
Viganò,45.7256296,9.3261111,LC
Abbadia Cerreto,45.3127903,9.5954953,LO
Bertonico,45.234074,9.6692407,LO
Boffalora d'Adda,45.3607962,9.4953333,LO
Borghetto Lodigiano,45.2157962,9.5003148,LO
Borgo San Giovanni,45.2789147,9.4359767,LO
Brembio,45.2145514,9.5728126,LO
Camairago,45.2062592,9.7286111,LO
Casaletto Lodigiano,45.30763,9.361661,LO
Casalmaiocco,45.3548518,9.3754814,LO
Casalpusterlengo,45.1778148,9.6501666,LO
Caselle Landi,45.1022472,9.7929691,LO
Caselle Lurani,45.281574,9.3606481,LO
Castelnuovo Bocca d'Adda,45.1118888,9.8648703,LO
Castiglione d'Adda,45.2198518,9.6953333,LO
Castiraga Vidardo,45.2582962,9.4056296,LO
Cavacurta,45.1907962,9.7429814,LO
Cavenago d'Adda,45.2854814,9.6022037,LO
Cervignano d'Adda,45.373125,9.425003,LO
Codogno,45.1628148,9.7032962,LO
Comazzo,45.4420555,9.4657962,LO
Cornegliano Laudense,45.2838677,9.4701418,LO
Corno Giovine,45.1345555,9.7607962,LO
Cornovecchio,45.1376666,9.8004814,LO
Corte Palasio,45.3099794,9.5643863,LO
Crespiatica,45.3574915,9.5759105,LO
Fombio,45.137501,9.684828,LO
Galgagnano,45.3589074,9.4464074,LO
Graffignana,45.20928,9.453901,LO
Guardamiglio,45.1086111,9.6825185,LO
Livraga,45.1932962,9.5475,LO
Lodi,45.3128778,9.4978501,LO
Lodi Vecchio,45.3034629,9.4187777,LO
Maccastorna,45.1464491,9.8544058,LO
Mairago,45.2528333,9.5795555,LO
Maleo,45.1684444,9.7625,LO
Marudo,45.2525146,9.3770069,LO
Massalengo,45.2659584,9.4912337,LO
Meleti,45.1190351,9.8366436,LO
Merlino,45.4343888,9.4309444,LO
Montanaso Lombardo,45.3367222,9.4698703,LO
Mulazzano,45.3734629,9.3987592,LO
Orio Litta,45.1609629,9.5556296,LO
Ospedaletto Lodigiano,45.1698703,9.5798703,LO
Ossago Lodigiano,45.2467407,9.5381296,LO
Pieve Fissiraga,45.2642091,9.4595433,LO
Salerano sul Lambro,45.294269,9.383782,LO
San Fiorano,45.1373518,9.7232962,LO
San Martino in Strada,45.2759444,9.5275185,LO
San Rocco al Porto,45.0829814,9.6982962,LO
Sant'Angelo Lodigiano,45.2392046,9.4096447,LO
Santo Stefano Lodigiano,45.1194744,9.7364505,LO
Secugnago,45.231617,9.593553,LO
Senna Lodigiana,45.1526666,9.5950185,LO
Somaglia,45.146671,9.637324,LO
Sordio,45.3431296,9.3650185,LO
Tavazzano con Villavesco,45.3282962,9.4075185,LO
Terranova dei Passerini,45.215464,9.6611143,LO
Turano Lodigiano,45.2498341,9.6229652,LO
Valera Fratta,45.2576604,9.3369466,LO
Villanova del Sillaro,45.2376966,9.4810457,LO
Zelo Buon Persico,45.412063,9.432448,LO
Acquanegra sul Chiese,45.1634444,10.4357962,MN
Asola,45.222037,10.4147037,MN
Bagnolo San Vito,45.08934,10.876407,MN
Bigarello,45.2036111,10.9261111,MN
Borgoforte,45.0523703,10.7503148,MN
Borgofranco sul Po,45.0489978,11.204749,MN
Bozzolo,45.1034444,10.485,MN
Canneto sull'Oglio,45.1537777,10.3820555,MN
Carbonara di Po,45.036369,11.227849,MN
Casalmoro,45.2606481,10.4056481,MN
Casaloldo,45.2557962,10.4754814,MN
Casalromano,45.2000514,10.3684067,MN
Castel d'Ario,45.1889074,10.9756481,MN
Castel Goffredo,45.297461,10.47862,MN
Castelbelforte,45.2131481,10.8936111,MN
Castellucchio,45.152854,10.650922,MN
Castiglione delle Stiviere,45.3901502,10.4882653,MN
Cavriana,45.3489784,10.598837,MN
Ceresara,45.2632962,10.5706296,MN
Commessaggio,45.0389259,10.544537,MN
Curtatone,45.1333941,10.7207982,MN
Dosolo,44.953834,10.6409067,MN
Felonica,44.9800185,11.3548703,MN
Gazoldo degli Ippoliti,45.2012592,10.5804814,MN
Gazzuolo,45.0651666,10.5797037,MN
Goito,45.2559629,10.6731296,MN
Gonzaga,44.9511519,10.8200671,MN
Guidizzolo,45.3217407,10.581574,MN
Magnacavallo,45.006574,11.1822037,MN
Mantova,45.1603653,10.7976976,MN
Marcaria,45.119135,10.5338239,MN
Mariana Mantovana,45.1939626,10.4879542,MN
Marmirolo,45.2203333,10.7572037,MN
Medole,45.3253333,10.5142407,MN
Moglia,44.9381296,10.9145555,MN
Monzambano,45.3876666,10.6931481,MN
Motteggiana,45.0291833,10.7591645,MN
Ostiglia,45.070183,11.13789,MN
Pegognaga,44.9937777,10.8607962,MN
Pieve di Coriano,45.0343914,11.1069391,MN
Piubega,45.2287592,10.5353148,MN
Poggio Rusco,44.9759629,11.1198703,MN
Pomponesco,44.928333,10.592197,MN
Ponti sul Mincio,45.4131481,10.6862777,MN
Porto Mantovano,45.189461,10.7899293,MN
Quingentole,45.04,11.0468888,MN
Quistello,45.006574,10.9834629,MN
Redondesco,45.1673518,10.5134629,MN
Revere,45.0545555,11.1323518,MN
Rivarolo Mantovano,45.0709444,10.4348703,MN
Rodigo,45.2006354,10.6234863,MN
Roncoferraro,45.135128,10.954495,MN
Roverbella,45.266605,10.769113,MN
Sabbioneta,44.9989259,10.489537,MN
San Benedetto Po,45.0392407,10.9325185,MN
San Giacomo delle Segnate,44.9736111,11.0342407,MN
San Giorgio di Mantova,45.1529656,10.8737784,MN
San Giovanni del Dosso,44.9686572,11.0821495,MN
San Martino dall'Argine,45.098451,10.5182788,MN
Schivenoglia,44.9962459,11.0732632,MN
Sermide,45.0054814,11.295,MN
Serravalle a Po,45.0717697,11.0986653,MN
Solferino,45.3701204,10.5661221,MN
Sustinente,45.0709678,11.0192306,MN
Suzzara,44.9915329,10.745667,MN
Viadana,44.9269443,10.5218033,MN
Villa Poma,45.002386,11.115242,MN
Villimpenta,45.1446543,11.0281927,MN
Virgilio,45.1204256,10.7915598,MN
Volta Mantovana,45.322168,10.659353,MN
Abbiategrasso,45.3930345,8.9198249,MI
Albairate,45.4196049,8.9355884,MI
Arconate,45.5395459,8.84794,MI
Arese,45.55017,9.0783808,MI
Arluno,45.5052228,8.9388696,MI
Assago,45.4049213,9.1304128,MI
Baranzate,45.5273901,9.1170112,MI
Bareggio,45.4759528,8.9949011,MI
Basiano,45.5716142,9.4673821,MI
Basiglio,45.349189,9.1644466,MI
Bellinzago Lombardo,45.543745,9.443966,MI
Bernate Ticino,45.478195,8.8182951,MI
Besate,45.3119994,8.9688417,MI
Binasco,45.3363169,9.1017322,MI
Boffalora sopra Ticino,45.468313,8.8311775,MI
Bollate,45.5433435,9.1152557,MI
Bresso,45.5371073,9.1913763,MI
Bubbiano,45.326923,9.0155887,MI
Buccinasco,45.4221054,9.1086138,MI
Buscate,45.5446925,8.8134286,MI
Bussero,45.5383105,9.3727514,MI
Busto Garolfo,45.5455812,8.8834443,MI
Calvignasco,45.3256456,9.0268891,MI
Cambiago,45.5717426,9.4213305,MI
Canegrate,45.5700881,8.9288762,MI
Carpiano,45.3414279,9.2713376,MI
Carugate,45.5505834,9.339651,MI
Casarile,45.3170638,9.1060171,MI
Casorezzo,45.5237967,8.9013751,MI
Cassano d'Adda,45.5260596,9.5167713,MI
Cassina de' Pecchi,45.519764,9.3655309,MI
Cassinetta di Lugagnano,45.4258027,8.9097805,MI
Castano Primo,45.5530952,8.7827559,MI
Cernusco sul Naviglio,45.5266377,9.3323686,MI
Cerro al Lambro,45.3310158,9.3416298,MI
Cerro Maggiore,45.593142,8.9514694,MI
Cesano Boscone,45.4423591,9.0985941,MI
Cesate,45.5953177,9.0778471,MI
Cinisello Balsamo,45.5540211,9.2242535,MI
Cisliano,45.4441423,8.9908376,MI
Cologno Monzese,45.5297405,9.2783441,MI
Colturano,45.380201,9.3361251,MI
Corbetta,45.4660501,8.9201705,MI
Cormano,45.5418971,9.1683782,MI
Cornaredo,45.501538,9.023957,MI
Corsico,45.4292861,9.1098658,MI
Cuggiono,45.5062454,8.8167309,MI
Cusago,45.4472564,9.0341234,MI
Cusano Milanino,45.5506966,9.1814131,MI
Dairago,45.5657951,8.862543,MI
Dresano,45.3749966,9.3573174,MI
Gaggiano,45.4062609,9.0335031,MI
Garbagnate Milanese,45.5758071,9.0780879,MI
Gessate,45.5557712,9.4349877,MI
Gorgonzola,45.530705,9.4057,MI
Grezzago,45.590675,9.494187,MI
Gudo Visconti,45.3738405,9.0015933,MI
Inveruno,45.5156845,8.8537538,MI
Inzago,45.5375957,9.4790234,MI
Lacchiarella,45.3179246,9.1391371,MI
Lainate,45.5705109,9.0288777,MI
Legnano,45.5930977,8.907247,MI
Liscate,45.4814959,9.4091977,MI
Locate di Triulzi,45.357897,9.2252147,MI
Magenta,45.4682315,8.8809736,MI
Magnago,45.5792541,8.8024696,MI
Marcallo con Casone,45.4852353,8.8703596,MI
Masate,45.566624,9.467436,MI
Mediglia,45.3955182,9.3326696,MI
Melegnano,45.3568623,9.3229681,MI
Melzo,45.497765,9.418398,MI
Mesero,45.5010636,8.8577696,MI
Milano,45.4636707,9.1881263,MI
Morimondo,45.3543306,8.9580281,MI
Motta Visconti,45.2872359,8.992686,MI
Nerviano,45.5556175,8.9756581,MI
Nosate,45.5523876,8.7253673,MI
Novate Milanese,45.5317635,9.1407814,MI
Noviglio,45.3582871,9.0533731,MI
Opera,45.3756867,9.2109729,MI
Ossona,45.5066945,8.9014423,MI
Ozzero,45.3655997,8.9238805,MI
Paderno Dugnano,45.5674265,9.1595489,MI
Pantigliate,45.433363,9.352025,MI
Parabiago,45.5567941,8.9462412,MI
Paullo,45.4180065,9.4002298,MI
Pero,45.5089861,9.0866393,MI
Peschiera Borromeo,45.4320247,9.3122956,MI
Pessano con Bornago,45.5515071,9.3869709,MI
Pieve Emanuele,45.3559164,9.2026714,MI
Pioltello,45.504018,9.331134,MI
Pogliano Milanese,45.5364752,8.9894372,MI
Pozzo d'Adda,45.5759162,9.5010574,MI
Pozzuolo Martesana,45.5134753,9.452689,MI
Pregnana Milanese,45.5152098,9.0090962,MI
Rescaldina,45.6157617,8.9500826,MI
Rho,45.5297831,9.0381249,MI
Robecchetto con Induno,45.5327022,8.7648327,MI
Robecco sul Naviglio,45.4359264,8.8874196,MI
Rodano,45.4772328,9.3520401,MI
Rosate,45.3533933,9.0234749,MI
Rozzano,45.387462,9.1514005,MI
San Colombano al Lambro,45.1821072,9.4936171,MI
San Donato Milanese,45.4149275,9.2645213,MI
San Giorgio su Legnano,45.5748593,8.9148345,MI
San Giuliano Milanese,45.398319,9.285199,MI
San Vittore Olona,45.5867859,8.9418352,MI
San Zenone al Lambro,45.3247209,9.3595215,MI
Santo Stefano Ticino,45.4887308,8.9190971,MI
Sedriano,45.487445,8.9695876,MI
Segrate,45.5011454,9.2916939,MI
Senago,45.575416,9.1176409,MI
Sesto San Giovanni,45.5358577,9.2388895,MI
Settala,45.4523978,9.3956083,MI
Settimo Milanese,45.4793256,9.0549089,MI
Solaro,45.6174047,9.0814698,MI
Trezzano Rosa,45.5837679,9.4877891,MI
Trezzano sul Naviglio,45.4183379,9.0707319,MI
Trezzo sull'Adda,45.6070272,9.5213143,MI
Tribiano,45.4124809,9.3796201,MI
Truccazzano,45.4850925,9.4658394,MI
Turbigo,45.530213,8.7398075,MI
Vanzaghello,45.5800178,8.7797688,MI
Vanzago,45.526487,8.9966834,MI
Vaprio d'Adda,45.575955,9.5321501,MI
Vermezzo,45.3948133,8.9807694,MI
Vernate,45.3163479,9.0604222,MI
Vignate,45.495001,9.3746569,MI
Villa Cortese,45.5669587,8.8865638,MI
Vimodrone,45.5134926,9.2852229,MI
Vittuone,45.485081,8.9586469,MI
Vizzolo Predabissi,45.3557507,9.347454,MI
Zelo Surrigone,45.3878548,8.9853044,MI
Zibido San Giacomo,45.360181,9.1068999,MI
Agrate Brianza,45.5755478,9.351072,MB
Aicurzio,45.6413289,9.4161645,MB
Albiate,45.657385,9.2527452,MB
Arcore,45.6269398,9.3265163,MB
Barlassina,45.6565615,9.1298828,MB
Bellusco,45.6161623,9.4232643,MB
Bernareggio,45.6444816,9.4034081,MB
Besana in Brianza,45.7003042,9.2922411,MB
Biassono,45.630963,9.2753024,MB
Bovisio-Masciago,45.6106468,9.1476559,MB
Briosco,45.7091544,9.2397104,MB
Brugherio,45.5527422,9.301822,MB
Burago di Molgora,45.5963667,9.378351,MB
Busnago,45.6165417,9.4645648,MB
Camparada,45.6542446,9.3228228,MB
Caponago,45.565801,9.375702,MB
Carate Brianza,45.6759513,9.2429865,MB
Carnate,45.6507624,9.379103,MB
Cavenago di Brianza,45.5809965,9.4136515,MB
Ceriano Laghetto,45.6272069,9.0808576,MB
Cesano Maderno,45.628255,9.1464259,MB
Cogliate,45.644515,9.0820367,MB
Concorezzo,45.5905174,9.3366411,MB
Cornate d'Adda,45.6499134,9.4623632,MB
Correzzana,45.6659393,9.3033229,MB
Desio,45.6216326,9.2087527,MB
Giussano,45.6997614,9.2093782,MB
Lazzate,45.67201,9.085848,MB
Lentate sul Seveso,45.6783852,9.1218297,MB
Lesmo,45.6500034,9.3066282,MB
Limbiate,45.6000313,9.1220146,MB
Lissone,45.6108915,9.2385715,MB
Macherio,45.63852,9.2656272,MB
Meda,45.6599649,9.1544583,MB
Mezzago,45.6305303,9.4438497,MB
Misinto,45.6628573,9.0822784,MB
Monza,45.5840057,9.2730143,MB
Muggiò,45.5929507,9.2265162,MB
Nova Milanese,45.5892407,9.2003496,MB
Ornago,45.5965913,9.4195663,MB
Renate,45.7264493,9.2822301,MB
Roncello,45.6024061,9.4574781,MB
Ronco Briantino,45.6666016,9.4039105,MB
Seregno,45.6510895,9.2048414,MB
Seveso,45.6435957,9.1376246,MB
Sovico,45.6449061,9.2607913,MB
Sulbiate,45.6332566,9.4184494,MB
Triuggio,45.661777,9.2685012,MB
Usmate Velate,45.6508404,9.362482,MB
Varedo,45.597852,9.16043,MB
Vedano al Lambro,45.6070292,9.2683696,MB
Veduggio con Colzano,45.7349259,9.2733493,MB
Verano Brianza,45.685355,9.229899,MB
Villasanta,45.6055555,9.3033668,MB
Vimercate,45.614008,9.3712627,MB
Alagna,45.169343,8.890177,PV
Albaredo Arnaboldi,45.1070506,9.2428207,PV
Albonese,45.2933919,8.7080477,PV
Albuzzano,45.186348,9.274096,PV
Arena Po,45.0976666,9.3636111,PV
Badia Pavese,45.1218888,9.4698703,PV
Bagnaria,44.8276092,9.1233105,PV
Barbianello,45.0771979,9.2057926,PV
Bascapè,45.30789,9.31248,PV
Bastida de' Dossi,45.0404014,8.9217099,PV
Bastida Pancarana,45.086185,9.082372,PV
Battuda,45.2749261,9.07786,PV
Belgioioso,45.1595356,9.3148158,PV
Bereguardo,45.2581481,9.0284444,PV
Borgarello,45.240549,9.142339,PV
Borgo Priolo,44.9674447,9.1490201,PV
Borgo San Siro,45.2359225,8.9146752,PV
Borgoratto Mormorolo,44.9317407,9.1943888,PV
Bornasco,45.2675,9.219074,PV
Bosnasco,45.0654814,9.3598518,PV
Brallo di Pregola,44.7382271,9.2810462,PV
Breme,45.1271119,8.624924,PV
Bressana Bottarone,45.0788941,9.1330208,PV
Broni,45.0664074,9.2634629,PV
Calvignano,44.983294,9.1662881,PV
Campospinoso,45.0964074,9.2456481,PV
Candia Lomellina,45.1798695,8.5959354,PV
Canevino,44.9375613,9.2776569,PV
Canneto Pavese,45.0514074,9.2798518,PV
Carbonara al Ticino,45.1667407,9.0626666,PV
Casanova Lonati,45.0954814,9.214537,PV
Casatisma,45.05,9.1331481,PV
Casei Gerola,45.0086111,8.9278148,PV
Casorate Primo,45.3134629,9.0179814,PV
Cassolnovo,45.3624137,8.8094041,PV
Castana,45.0272352,9.2719102,PV
Casteggio,45.0111111,9.1234444,PV
Castelletto di Branduzzo,45.0703768,9.0988964,PV
Castello d'Agogna,45.2328011,8.6897371,PV
Castelnovetto,45.2548372,8.6130625,PV
Cava Manara,45.140378,9.108577,PV
Cecima,44.8517407,9.0814074,PV
Ceranova,45.2612592,9.2442222,PV
Ceretto Lomellina,45.2463919,8.6726586,PV
Cergnago,45.199492,8.7732354,PV
Certosa di Pavia,45.252477,9.131115,PV
Cervesina,45.0623703,9.0173703,PV
Chignolo Po,45.1492407,9.4826666,PV
Cigognola,45.0337592,9.2459444,PV
Cilavegna,45.3108498,8.7469456,PV
Codevilla,44.964537,9.0573703,PV
Confienza,45.3332328,8.5571768,PV
Copiano,45.1973703,9.3236111,PV
Corana,45.0626666,8.9695555,PV
Cornale,45.042581,8.911158,PV
Corteolona,45.1589259,9.3704814,PV
Corvino San Quirico,45.0128354,9.1610039,PV
Costa de' Nobili,45.132418,9.3796526,PV
Cozzo,45.1932218,8.6123405,PV
Cura Carpignano,45.2134444,9.2567222,PV
Dorno,45.1570781,8.9540102,PV
Ferrera Erbognone,45.113949,8.864587,PV
Filighera,45.1777204,9.3167707,PV
Fortunago,44.9216102,9.185471,PV
Frascarolo,45.0476666,8.6831296,PV
Galliavola,45.0980389,8.8187423,PV
Gambarana,45.0293888,8.7645555,PV
Gambolò,45.2649123,8.858692,PV
Garlasco,45.1984629,8.9248518,PV
Genzone,45.1817407,9.3486111,PV
Gerenzago,45.2067384,9.3598793,PV
Giussago,45.2857962,9.1418888,PV
Godiasco,44.896902,9.056877,PV
Golferenzo,44.962037,9.307037,PV
Gravellona Lomellina,45.3287777,8.7653333,PV
Gropello Cairoli,45.179537,8.9939259,PV
Inverno e Monteleone,45.1987947,9.3853334,PV
Landriano,45.3129814,9.2612777,PV
Langosco,45.2158648,8.5619115,PV
Lardirago,45.2361111,9.2331296,PV
Linarolo,45.1634629,9.2711111,PV
Lirio,44.9949299,9.2562084,PV
Lomello,45.122037,8.7973518,PV
Lungavilla,45.043966,9.081497,PV
Magherno,45.224537,9.3304814,PV
Marcignago,45.253828,9.078241,PV
Marzano,45.2488576,9.2961844,PV
Mede,45.0989259,8.737037,PV
Menconico,44.7967464,9.2785597,PV
Mezzana Bigli,45.0609629,8.849537,PV
Mezzana Rabattone,45.0959629,9.0323518,PV
Mezzanino,45.1248771,9.208325,PV
Miradolo Terme,45.1720361,9.4467032,PV
Montalto Pavese,44.9787327,9.2117771,PV
Montebello della Battaglia,45.0020555,9.104537,PV
Montecalvo Versiggia,44.9724866,9.2847883,PV
Montescano,45.0322239,9.284724,PV
Montesegale,44.9068529,9.1270402,PV
Monticelli Pavese,45.1120925,9.5148744,PV
Montù Beccaria,45.0377416,9.3152751,PV
Mornico Losana,45.0101903,9.2067482,PV
Mortara,45.2516185,8.7377451,PV
Nicorvo,45.2853559,8.6677915,PV
Olevano di Lomellina,45.2148551,8.7178408,PV
Oliva Gessi,45.0035702,9.1791456,PV
Ottobiano,45.1548518,8.8309444,PV
Palestro,45.3020893,8.5325468,PV
Pancarana,45.0756481,9.0517222,PV
Parona,45.2827698,8.7517168,PV
Pavia,45.1858767,9.1566316,PV
Pietra de' Giorgi,45.0226473,9.2308166,PV
Pieve Albignola,45.1139259,8.9625,PV
Pieve del Cairo,45.0509444,8.8053333,PV
Pieve Porto Morone,45.1103148,9.4368888,PV
Pinarolo Po,45.0709629,9.1684629,PV
Pizzale,45.0365271,9.048259,PV
Ponte Nizza,44.8531866,9.0976423,PV
Portalbera,45.0986111,9.3200185,PV
Rea,45.1143888,9.1557962,PV
Redavalle,45.0389074,9.2034629,PV
Retorbido,44.9504814,9.0373703,PV
Rivanazzano,44.9267222,9.0142407,PV
Robbio,45.2915831,8.5923041,PV
Robecco Pavese,45.0493332,9.1520137,PV
Rocca de' Giorgi,44.9706046,9.2538639,PV
Rocca Susella,44.9125781,9.0962047,PV
Rognano,45.2888936,9.0903723,PV
Romagnese,44.8405192,9.331236,PV
Roncaro,45.2292407,9.276574,PV
Rosasco,45.2518904,8.580095,PV
Rovescala,45.0079814,9.3470555,PV
Ruino,44.9272966,9.2743333,PV
San Cipriano Po,45.1100185,9.284074,PV
San Damiano al Colle,45.0259629,9.3476666,PV
San Genesio ed Uniti,45.2355686,9.1791567,PV
San Giorgio di Lomellina,45.1759629,8.7912592,PV
San Martino Siccomario,45.1620555,9.137037,PV
San Zenone al Po,45.1094353,9.361835,PV
Sannazzaro de' Burgondi,45.1033053,8.9075039,PV
Santa Cristina e Bissone,45.1586111,9.4009629,PV
Santa Giuletta,45.0350185,9.1847037,PV
Santa Margherita di Staffora,44.7712777,9.2417407,PV
Santa Maria della Versa,44.9901666,9.2973703,PV
Sant'Alessio con Vialone,45.2234629,9.2272037,PV
Sant'Angelo Lomellina,45.2479452,8.6450217,PV
Sartirana Lomellina,45.1156296,8.6656481,PV
Scaldasole,45.1268888,8.9107962,PV
Semiana,45.1375991,8.7322899,PV
Silvano Pietra,45.0414259,8.9489074,PV
Siziano,45.3153148,9.2042222,PV
Sommo,45.1279057,9.0823172,PV
Spessa,45.114537,9.3497037,PV
Stradella,45.074074,9.3018888,PV
Suardi,45.0356296,8.744074,PV
Torrazza Coste,44.9779949,9.0847255,PV
Torre Beretti e Castellaro,45.0609444,8.672037,PV
Torre d'Arese,45.2437592,9.3184444,PV
Torre de' Negri,45.1506296,9.3356296,PV
Torre d'Isola,45.2184444,9.0773703,PV
Torrevecchia Pia,45.2829814,9.2975185,PV
Torricella Verzate,45.0198433,9.1765774,PV
Travacò Siccomario,45.15,9.1607962,PV
Trivolzio,45.2595555,9.0439259,PV
Tromello,45.2114518,8.8702246,PV
Trovo,45.2839074,9.036574,PV
Val di Nizza,44.8780915,9.1655973,PV
Valeggio,45.1517407,8.8611111,PV
Valle Lomellina,45.151769,8.666761,PV
Valle Salimbene,45.1726151,9.235358,PV
Valverde,44.8697037,9.2354814,PV
Varzi,44.823653,9.1958559,PV
Velezzo Lomellina,45.1641308,8.7377386,PV
Vellezzo Bellini,45.2717407,9.1003148,PV
Verretto,45.0407835,9.1070046,PV
Verrua Po,45.1078148,9.1764074,PV
Vidigulfo,45.290448,9.2349599,PV
Vigevano,45.317092,8.8586493,PV
Villa Biscossi,45.0906316,8.7877401,PV
Villanova d'Ardenghi,45.1726666,9.0434444,PV
Villanterio,45.2204814,9.3654814,PV
Vistarino,45.2115052,9.3089144,PV
Voghera,44.992184,9.0096803,PV
Volpara,44.954074,9.2979814,PV
Zavattarello,44.8684444,9.2662592,PV
Zeccone,45.2589259,9.2023703,PV
Zeme,45.198319,8.6695076,PV
Zenevredo,45.0550083,9.3271112,PV
Zerbo,45.1114074,9.3972037,PV
Zerbolò,45.2071884,9.0142136,PV
Zinasco,45.1292321,9.0313318,PV
Albaredo per San Marco,46.1008855,9.592581,SO
Albosaggia,46.1484444,9.8551666,SO
Andalo Valtellino,46.1319712,9.4759954,SO
Aprica,46.1537777,10.1528333,SO
Ardenno,46.1653333,9.6461111,SO
Bema,46.104508,9.5640868,SO
Berbenno di Valtellina,46.1687392,9.746273,SO
Bianzone,46.1892407,10.1104814,SO
Bormio,46.4676064,10.3780623,SO
Buglio in Monte,46.1853342,9.6794594,SO
Caiolo,46.1509444,9.8156296,SO
Campodolcino,46.403006,9.3534089,SO
Caspoggio,46.2645492,9.8639016,SO
Castello dell'Acqua,46.1458949,10.0144349,SO
Castione Andevenno,46.1737592,9.8014259,SO
Cedrasco,46.1503333,9.7681296,SO
Cercino,46.1592978,9.5076485,SO
Chiavenna,46.319744,9.397883,SO
Chiesa in Valmalenco,46.2649137,9.8505048,SO
Chiuro,46.1659444,9.982037,SO
Cino,46.1588859,9.4859871,SO
Civo,46.1551666,9.5617222,SO
Colorina,46.1547037,9.7304814,SO
Cosio Valtellino,46.1361111,9.5528333,SO
Dazio,46.1623703,9.6017222,SO
Delebio,46.137037,9.4617222,SO
Dubino,46.1728333,9.4312592,SO
Faedo Valtellino,46.1532414,9.908358,SO
Forcola,46.1595555,9.6620336,SO
Fusine,46.1504814,9.7509629,SO
Gerola Alta,46.0613615,9.5509465,SO
Gordona,46.2932962,9.3664074,SO
Grosio,46.296827,10.2729202,SO
Grosotto,46.2826639,10.258939,SO
Lanzada,46.2703333,9.8703148,SO
Livigno,46.5450903,10.141341,SO
Lovero,46.2323518,10.2297037,SO
Madesimo,46.4369532,9.3594717,SO
Mantello,46.1534444,9.49,SO
Mazzo di Valtellina,46.2595845,10.2567321,SO
Mello,46.1561165,9.5476489,SO
Menarola,46.2982643,9.360828,SO
Mese,46.3042097,9.3774776,SO
Montagna in Valtellina,46.1795555,9.904074,SO
Morbegno,46.1327154,9.573358,SO
Novate Mezzola,46.2225,9.4509444,SO
Pedesina,46.0828148,9.5506481,SO
Piantedo,46.1351666,9.4304814,SO
Piateda,46.1606481,9.9361111,SO
Piuro,46.3304535,9.4217302,SO
Poggiridenti,46.1757962,9.9272037,SO
Ponte in Valtellina,46.1759444,9.9789074,SO
Postalesio,46.174683,9.7762677,SO
Prata Camportaccio,46.3042146,9.3964914,SO
Rasura,46.1015805,9.5534615,SO
Rogolo,46.137037,9.4854814,SO
Samolaco,46.2434444,9.3951666,SO
San Giacomo Filippo,46.3387842,9.3709148,SO
Sernio,46.2244772,10.2051141,SO
Sondalo,46.3306135,10.3268228,SO
Sondrio,46.1712597,9.8693336,SO
Spriana,46.2217877,9.8643359,SO
Talamona,46.1390951,9.6144352,SO
Tartano,46.1067695,9.6799584,SO
Teglio,46.1720484,10.0671259,SO
Tirano,46.2164259,10.1689074,SO
Torre di Santa Maria,46.234537,9.8526666,SO
Tovo di Sant'Agata,46.2463791,10.2501201,SO
Traona,46.1491098,9.5332397,SO
Tresivio,46.1767407,9.9437777,SO
Val Masino,46.2124069,9.6367961,SO
Valdidentro,46.4900185,10.2951666,SO
Valdisotto,46.4280736,10.3561189,SO
Valfurva,46.4630233,10.4105344,SO
Verceia,46.1997037,9.4559629,SO
Vervio,46.25211,10.2394406,SO
Villa di Chiavenna,46.3308555,9.4826388,SO
Villa di Tirano,46.2048518,10.1350185,SO
Agra,46.0338417,8.7730683,VA
Albizzate,45.726826,8.802269,VA
Angera,45.7737051,8.5778347,VA
Arcisate,45.8597773,8.8609209,VA
Arsago Seprio,45.6893888,8.7357962,VA
Azzate,45.7796511,8.7939026,VA
Azzio,45.8856296,8.7097037,VA
Barasso,45.8402468,8.7571751,VA
Bardello,45.8348906,8.697251,VA
Bedero Valcuvia,45.9138775,8.7943509,VA
Besano,45.8896599,8.8901497,VA
Besnate,45.7012035,8.7667183,VA
Besozzo,45.846248,8.666667,VA
Biandronno,45.822204,8.715506,VA
Bisuschio,45.8747944,8.8719338,VA
Bodio Lomnago,45.7897037,8.7520555,VA
Brebbia,45.8284303,8.6502274,VA
Bregano,45.8267222,8.6889259,VA
Brenta,45.8951666,8.6848518,VA
Brezzo di Bedero,45.9781351,8.7191633,VA
Brinzio,45.8881924,8.7904919,VA
Brissago-Valtravaglia,45.949537,8.7473703,VA
Brunello,45.7659444,8.7964074,VA
Brusimpiano,45.9453632,8.8906944,VA
Buguggiate,45.7832962,8.8117222,VA
Busto Arsizio,45.6113632,8.8491174,VA
Cadegliano-Viconago,45.9605507,8.8452118,VA
Cadrezzate,45.8003333,8.6445555,VA
Cairate,45.6903333,8.8706481,VA
Cantello,45.8234444,8.897037,VA
Caravate,45.8798518,8.659074,VA
Cardano al Campo,45.6448595,8.7722343,VA
Carnago,45.7231481,8.8353148,VA
Caronno Pertusella,45.5982132,9.0490749,VA
Caronno Varesino,45.7367222,8.8328148,VA
Casale Litta,45.7689259,8.7425185,VA
Casalzuigno,45.9037397,8.7016745,VA
Casciago,45.834616,8.7822839,VA
Casorate Sempione,45.6720555,8.744537,VA
Cassano Magnago,45.6707111,8.8206768,VA
Cassano Valcuvia,45.9334629,8.769537,VA
Castellanza,45.6119462,8.8982756,VA
Castello Cabiaglio,45.8942247,8.756973,VA
Castelseprio,45.7170298,8.8617011,VA
Castelveccana,45.9495212,8.6694772,VA
Castiglione Olona,45.755453,8.8657816,VA
Castronno,45.7467407,8.8139074,VA
Cavaria con Premezzo,45.691333,8.7928542,VA
Cazzago Brabbia,45.7968888,8.7359444,VA
Cislago,45.6598477,8.9731399,VA
Cittiglio,45.8948527,8.6604912,VA
Clivio,45.863171,8.930506,VA
Cocquio-Trevisago,45.855795,8.6991479,VA
Comabbio,45.7721016,8.6753295,VA
Comerio,45.8404573,8.745096,VA
Cremenaga,45.9883499,8.8039779,VA
Crosio della Valle,45.7609444,8.771574,VA
Cuasso al Monte,45.9157962,8.8803148,VA
Cugliate-Fabiasco,45.9467407,8.8198703,VA
Cunardo,45.935066,8.804067,VA
Curiglia con Monteviasco,46.0611721,8.8045748,VA
Cuveglio,45.9050764,8.7354555,VA
Cuvio,45.8972037,8.7353333,VA
Daverio,45.7785028,8.7715022,VA
Dumenza,46.0198518,8.7887777,VA
Duno,45.9143015,8.7378518,VA
Fagnano Olona,45.6688544,8.8740186,VA
Ferno,45.6172037,8.7556296,VA
Ferrera di Varese,45.9337592,8.7903333,VA
Gallarate,45.6602021,8.7934838,VA
Galliate Lombardo,45.7859629,8.771574,VA
Gavirate,45.8446915,8.7151165,VA
Gazzada Schianno,45.7796855,8.8229538,VA
Gemonio,45.8779814,8.6781296,VA
Gerenzano,45.6406182,9.0022091,VA
Germignaga,45.993088,8.7272219,VA
Golasecca,45.697538,8.658634,VA
Gorla Maggiore,45.6668888,8.8931296,VA
Gorla Minore,45.6422037,8.9037592,VA
Gornate-Olona,45.7425,8.8611111,VA
Grantola,45.9501666,8.7754814,VA
Inarzo,45.7867222,8.7367222,VA
Induno Olona,45.8523115,8.8398551,VA
Ispra,45.815061,8.6099534,VA
Jerago con Orago,45.703173,8.800982,VA
Lavena Ponte Tresa,45.966829,8.8567629,VA
Laveno-Mombello,45.9104302,8.6190607,VA
Leggiuno,45.8752299,8.620612,VA
Lonate Ceppino,45.7057962,8.8798518,VA
Lonate Pozzolo,45.5995659,8.7540843,VA
Lozza,45.7767407,8.8589259,VA
Luino,46.0020309,8.7416815,VA
Luvinate,45.8392297,8.7673009,VA
Maccagno,46.043937,8.7385142,VA
Malgesso,45.8289259,8.6767407,VA
Malnate,45.800554,8.879766,VA
Marchirolo,45.9489259,8.834537,VA
Marnate,45.628434,8.901926,VA
Marzio,45.9386708,8.8603242,VA
Masciago Primo,45.9169326,8.7807738,VA
Mercallo,45.7503176,8.6708749,VA
Mesenzana,45.9470183,8.757514,VA
Montegrino Valtravaglia,45.9750185,8.7686111,VA
Monvalle,45.8579723,8.6324718,VA
Morazzone,45.7654814,8.8292222,VA
Mornago,45.7467222,8.7523518,VA
Oggiona con Santo Stefano,45.7053333,8.8176666,VA
Olgiate Olona,45.6300401,8.8862849,VA
Origgio,45.5968467,9.0178551,VA
Orino,45.8825185,8.7167222,VA
Osmate,45.7893059,8.6595409,VA
Pino sulla Sponda del Lago Maggiore,46.1017222,8.7398518,VA
Porto Ceresio,45.9022037,8.9009291,VA
Porto Valtravaglia,45.9603333,8.6828333,VA
Rancio Valcuvia,45.9160145,8.7718799,VA
Ranco,45.7973616,8.5712107,VA
Saltrio,45.8714259,8.9217407,VA
Samarate,45.628239,8.7845048,VA
Sangiano,45.875857,8.632618,VA
Saronno,45.6255147,9.037346,VA
Sesto Calende,45.7239661,8.6345115,VA
Solbiate Arno,45.721998,8.81675,VA
Solbiate Olona,45.6525185,8.8864074,VA
Somma Lombardo,45.6844617,8.706378,VA
Sumirago,45.7387777,8.7828333,VA
Taino,45.764137,8.615186,VA
Ternate,45.7826666,8.6934444,VA
Tradate,45.7135729,8.9046424,VA
Travedona-Monate,45.804767,8.6727661,VA
Tronzano Lago Maggiore,46.0899833,8.7337958,VA
Uboldo,45.6162592,9.005,VA
Valganna,45.902226,8.8256001,VA
Varano Borghi,45.775,8.7051666,VA
Varese,45.8176046,8.8263844,VA
Vedano Olona,45.7732665,8.8811588,VA
Veddasca,46.071574,8.7998518,VA
Venegono Inferiore,45.737914,8.9006139,VA
Venegono Superiore,45.7551666,8.8978148,VA
Vergiate,45.7214589,8.6935803,VA
Viggiù,45.8716202,8.9062855,VA
Vizzola Ticino,45.6310202,8.6859201,VA
